Country Code,alpha2Code,Country Name,alias,region,flagImageUrl,1998,1999,2000,2001,2002,2003,2004,2005,2006,2007,2008,2009,2010,2011,2012,2013,2014,2015,2016,2017
ABW,AW,Aruba,Aruba,Central America,https://www.countryflags.io/AW/flat/64.png,,,,,,1.4420153169999999,7.052067613999999,12.27019624,13.83786893,15.80320095,18.15042475,18.53074823,18.90153341,,,18.60699507,18.49800087,18.20952454,,
AFG,AF,Afghanistan,Afghanistan,Asia,https://www.countryflags.io/AF/flat/64.png,,,,,,,0.000829222,0.000877515,0.00193099,0.0018785129999999998,0.001831902,0.0035708759999999997,0.005207761,,0.004886478,0.004727136,0.004579031,0.020947642,0.02539529,0.082746786
AGO,AO,Angola,Angola,Africa,https://www.countryflags.io/AO/flat/64.png,,,,,,,,,0.036807093,0.055720423,0.07326482,0.066520183,0.06418723900000001,0.065309402,0.081733652,0.08570547199999999,0.325960182,0.5512377279999999,0.42735231100000004,0.32540415
ALB,AL,Albania,Albania,Europe,https://www.countryflags.io/AL/flat/64.png,,,,,,,,0.008833523000000001,,0.330698001,2.139286969,3.1053437230000003,3.58912099,4.380763184,5.48239253,6.254106746000001,7.120165025,8.307928706,9.1027793,10.361523
AND,AD,Andorra,Andorra,Europe,https://www.countryflags.io/AD/flat/64.png,,,,,1.638852803,4.920608893,8.239336866,13.11194796,18.04644961,22.40605687,24.65031421,27.16132699,29.01396109,30.76142374,32.63941964,34.32935584,36.31521149,39.34422027,42.04138145,44.54492302
ARE,AE,United Arab Emirates,UAE,Asia,https://www.countryflags.io/AE/flat/64.png,,0.012281796999999999,0.062537144,0.25177148,0.474220126,0.810463686,1.373457624,2.82385084,4.590204715,6.2838482760000005,8.087532879,9.005851905,9.513336503,9.99677716,10.72965612,11.56899371,12.03592777,13.48488394,13.99826659,29.380716999999997
ARG,AR,Argentina,Argentina,South America,https://www.countryflags.io/AR/flat/64.png,,,,0.250857258,0.390610876,0.6756804909999999,1.401748719,2.367378841,4.00343134,6.504842205,7.71311722,8.605580959,9.771610825,10.97543337,12.23036065,14.69447819,15.16805073,15.79039594,16.47332124,17.71536838
ARM,AM,Armenia,Armenia,Europe,https://www.countryflags.io/AM/flat/64.png,,,,0.000196679,0.000263687,0.00033136699999999995,0.033326535,0.066750323,,0.132967117,0.47448267299999997,1.3808841980000002,3.252550732,5.584019369,7.358040919,8.400112112999999,9.389688324,9.815697904,10.22867763,10.76008804
ASM,AS,American Samoa,American Samoa,Oceania,https://www.countryflags.io/AS/flat/64.png,,,,,,,,,,,,,,,,,,,,
ATG,AG,Antigua and Barbuda,Antigua and Barbuda,Central America,https://www.countryflags.io/AG/flat/64.png,,,,,,,1.883136748,6.499501417,1.7065148780000001,2.4797277330000003,5.391552585,17.11244804,7.520520595,6.268347977,13.50527501,15.99505234,10.87635904,10.00770593,9.172667215,8.822491472000001
AUS,AU,Australia,Australia,Oceania,https://www.countryflags.io/AU/flat/64.png,,,,0.6373085070000001,1.3252758340000002,2.623753539,5.073081193999999,9.961014191,18.95632686,,24.903370000000002,24.01669991,24.90951202,24.69772973,25.12942751,25.83503958,27.84277929,28.68961085,30.65341372,32.40007458
AUT,AT,Austria,Austria,Europe,https://www.countryflags.io/AT/flat/64.png,,0.632210727,2.360806595,3.9591254260000004,5.54434666,7.350915842999999,10.58805704,14.22400998,17.28480151,19.51446519,20.73526108,22.44343455,24.38064725,24.79590688,25.009545000000003,26.02654159,27.32468303,28.29354818,28.96304317,28.74722124
AZE,AZ,Azerbaijan,Azerbaijan,Europe,https://www.countryflags.io/AZ/flat/64.png,,,,,0.01208165,,,0.025577946,0.04582747,0.16734859300000002,0.68012498,1.12052263,5.262078746,10.647590699999999,14.78258251,18.24319177,19.97175647,19.75003026,18.54593591,18.36883899
BDI,BI,Burundi,Burundi,Africa,https://www.countryflags.io/BI/flat/64.png,,,,,,,,,,,0.0019483060000000001,0.001884785,0.004015089,0.005495655,0.007532423000000001,0.015978857,0.017185969,0.035679024,0.03748533,0.036026433
BEL,BE,Belgium,Belgium,Europe,https://www.countryflags.io/BE/flat/64.png,0.106707834,0.224277339,1.4025922690000001,4.457894689,7.867120571,11.92939997,15.45730835,19.06329508,23.08554577,25.51566742,27.66909855,29.03478636,30.83667139,32.1777199,33.31070821,34.33541568,35.75312806,36.50842403,37.59611297,38.31345058
BEN,BJ,Benin,Benin,Africa,https://www.countryflags.io/BJ/flat/64.png,,,,,0.00028785299999999997,0.000279235,0.001045161,0.002455456,0.018230728,0.008397606,0.09686192199999999,0.213098116,0.293871496,0.396742263,0.42923541200000004,0.424581019,0.441530783,0.692731964,0.204970467,0.257997447
BFA,BF,Burkina Faso,Burkina Faso,Africa,https://www.countryflags.io/BF/flat/64.png,,,,,0.000406732,0.001145826,0.0011818360000000001,0.0028609890000000004,0.012401316,0.047235405999999994,0.069885579,0.078904444,0.08782319400000001,0.087446113,0.086463178,0.075922277,0.030751775,0.039810887,0.074303756,0.06440240700000001
BGD,BD,Bangladesh,Bangladesh,Asia,https://www.countryflags.io/BD/flat/64.png,,,,,,,,,,0.029706565,0.033600838,0.21049457600000002,0.272475483,0.304394885,0.38558554100000003,0.968022145,1.9404445190000001,3.0353058980000003,4.045616992,4.433418983
BGR,BG,Bulgaria,Bulgaria,Europe,https://www.countryflags.io/BG/flat/64.png,,,,,,,0.08589401099999999,2.153489117,5.044905815,8.313469537000001,11.23188845,13.3856087,15.18953784,17.0848234,18.21718506,19.56405745,20.50483617,22.49480174,23.80412856,25.36087224
BHR,BH,Bahrain,Bahrain,Asia,https://www.countryflags.io/BH/flat/64.png,,,,0.168590307,0.677414616,1.2503996990000001,1.802257763,2.410343152,4.030408571000001,6.588820638,8.399321724,11.77296083,12.48422468,22.80591957,22.71828472,22.8108173,21.51845597,18.44517095,16.29348338,14.31296329
BHS,BS,"Bahamas, The","Bahamas, The",Central America,https://www.countryflags.io/BS/flat/64.png,,,,1.365398255,2.438890273,3.465127032,3.969602451,4.064401107,4.9402971739999995,5.988408777999999,7.313379757000001,8.901920779,6.8458451579999995,4.227319351,20.946728699999998,19.21588379,20.19211396,20.94365083,21.40903607,21.97181816
BIH,BA,Bosnia and Herzegovina,Bosnia and Herzegovina,Europe,https://www.countryflags.io/BA/flat/64.png,,,0.000716807,0.0018030989999999998,0.005641178,0.039690446000000004,0.175522249,0.362340111,1.058350011,2.244064653,5.0074410160000005,7.796830213,10.50223477,11.66339782,12.86653692,14.31634239,15.21045137,17.95797522,18.8371527,18.93098893
BLR,BY,Belarus,Belarus,Europe,https://www.countryflags.io/BY/flat/64.png,,,,,0.000203933,0.001262827,0.007750414000000001,0.016255189,0.11925795,1.780522402,5.027488787,11.51446848,17.59335489,22.158398899999998,26.730512800000003,29.38992301,28.30141454,30.60896889,32.35775749,33.40909461
BLZ,BZ,Belize,Belize,Central America,https://www.countryflags.io/BZ/flat/64.png,,,,,,0.349273585,1.023945177,1.7728230669999998,2.491857182,2.506643611,2.62832133,2.6566516630000003,2.772008159,2.9460011180000003,2.961975165,2.876393525,2.814947085,4.837066643,5.007167111,5.419009771
BMU,BM,Bermuda,Bermuda,Central America,https://www.countryflags.io/BM/flat/64.png,,,,,,,,28.38476892,36.33862564,44.37989274,52.54158607,62.20549586,62.69935581,,,63.88300329999999,55.67471386,48.38475558,36.96850777,37.17746011
BOL,BO,Bolivia,Bolivia,South America,https://www.countryflags.io/BO/flat/64.png,,,,,0.038482229,0.065150129,0.09727087300000001,0.142163491,0.189468568,0.35987079899999996,0.8261999790000001,0.985105876,0.96738918,0.7297032859999999,1.139837429,1.481673927,1.635868197,1.68723522,2.641367715,3.438379963
BRA,BR,Brazil,Brazil,South America,https://www.countryflags.io/BR/flat/64.png,0.000587645,0.004051882,0.057049105,0.186215894,0.40577066700000003,0.529504944,1.70915468,1.730069365,2.522060297,3.983450748,5.190674888999999,6.018592091,7.165222223,8.975463419,9.533083511000001,10.55322334,11.73692977,12.37241075,12.88843041,13.80385336
BRB,BB,Barbados,Barbados,Central America,https://www.countryflags.io/BB/flat/64.png,,,,,,10.03423224,10.84986323,11.65728133,14.10709027,17.06789788,17.74707106,20.57851833,20.09879493,22.32137448,23.75268569,23.99852748,27.42911587,27.53846533,32.43554295,24.19965071
BRN,BN,Brunei Darussalam,Brunei Darussalam,Asia,https://www.countryflags.io/BN/flat/64.png,,,,0.557455229,0.794829142,1.08605531,1.741752266,2.225338073,2.421066847,3.098990567,4.453766889,5.2189841889999995,5.583000139,5.8843236139999995,4.965378188,6.79218961,7.349697841,8.244679577000001,8.534107127999999,9.612616837000001
BTN,BT,Bhutan,Bhutan,Asia,https://www.countryflags.io/BT/flat/64.png,,,,,,,,,,,0.293886868,0.472805959,1.192208795,1.787011654,2.2266580080000002,2.677391396,3.2170860119999998,3.5400680230000003,2.0668994,2.068696524
BWA,BW,Botswana,Botswana,Africa,https://www.countryflags.io/BW/flat/64.png,,,,,,,,0.086213771,0.09552933300000001,0.184912981,0.45726593,0.505080606,0.594481221,0.9323178670000001,1.064272261,1.0143260040000002,1.535110877,1.6678005630000001,2.624452286,1.4153053180000001
CAF,CF,Central African Republic,Central African Republic,Africa,https://www.countryflags.io/CF/flat/64.png,,,,,,,,,,,,,,0.018095896,0.013473138999999999,,,0.040870196,,
CAN,CA,Canada,Canada,North America,https://www.countryflags.io/CA/flat/64.png,0.46391205,1.911086284,4.590520628999999,9.141094273,11.22254225,14.26908967,16.95179602,21.69228301,24.64046864,27.48437519,29.46396102,30.452949,31.65795927,32.66655803,33.49477897,34.30517994,35.298682799999995,36.48256513,36.88774224,38.01804648
CHE,CH,Switzerland,Switzerland,Europe,https://www.countryflags.io/CH/flat/64.png,,,0.7871359309999999,1.943719599,6.284171789,10.74993832,16.7055361,22.52560892,27.40372232,31.48776817,33.43263433,35.42900296,37.20030373,38.81682952,39.99630214,42.27507459,42.96652984,44.47915561,44.91361848,46.12960941
CHL,CL,Chile,Chile,South America,https://www.countryflags.io/CL/flat/64.png,,,0.050318573,0.43200475200000005,1.206210975,2.229393738,2.997931986,4.388190943,6.19889028,7.896766413,8.565496147000001,9.83203127,10.52973415,11.72507516,12.51508832,13.14305312,14.13503777,15.3098454,16.21786653,16.94281597
CHN,CN,China,China,Asia,https://www.countryflags.io/CN/flat/64.png,,,0.001765899,0.026049283,0.253994432,0.8588098359999999,1.897982349,2.8260696239999996,3.8258089139999996,4.968130974,6.16468769,7.690293166,9.291158372,11.44345583,12.738741699999999,13.66140637,14.42209207,19.83109074,22.98517393,27.96630966
CIV,CI,Cote d'Ivoire,Cote d'Ivoire,Africa,https://www.countryflags.io/CI/flat/64.png,,,,,,0.002336058,0.0045894659999999995,0.006757086999999999,0.053477552000000005,0.052394587,0.051287347999999996,0.050159592999999995,,,0.215546271,0.256215062,0.563024408,0.474747963,0.575542143,0.587884214
CMR,CM,Cameroon,Cameroon,Africa,https://www.countryflags.io/CM/flat/64.png,,,,,,,,0.001159534,0.002352013,0.0034791329999999997,0.004548578,0.004631407,0.029813983,0.052206465,0.065675688,0.078039446,0.073057869,0.070069345,0.19614159899999997,0.175095527
COD,CD,"Congo, Dem. Rep.","Congo, Dem. Rep.",Africa,https://www.countryflags.io/CD/flat/64.png,,,,,,,,,,,,,0.0,,,0.0006309940000000001,0.000678216,0.001312394,0.001270065,0.001229408
COG,CG,"Congo, Rep.","Congo, Rep.",Africa,https://www.countryflags.io/CG/flat/64.png,,,,,,,,,,,,0.00293861,0.005699054,0.029051151,0.030042972999999997,0.009218349,0.01026462,,,
COL,CO,Colombia,Colombia,South America,https://www.countryflags.io/CO/flat/64.png,,,0.021958245,0.033740835,0.083920879,0.152865271,0.297520164,0.7362327190000001,1.432797206,2.720229054,3.9466081610000003,4.656450528,5.755972422,7.214789882000001,8.401307766,9.584569675,10.52185379,11.45741715,12.15324251,12.87854234
COM,KM,Comoros,Comoros,Africa,https://www.countryflags.io/KM/flat/64.png,,,,,,,0.00016744,0.0006539930000000001,,0.01278015,0.016736936,0.009803164,0.047702453,0.056611598,0.170334923,0.17532029699999999,0.20845816,0.205807899,0.20537933,0.18060920600000002
CPV,CV,Cabo Verde,Cabo Verde,Africa,https://www.countryflags.io/CV/flat/64.png,,,,,,,0.060513530999999995,0.19744314300000002,0.37729177700000005,0.7879729790000001,1.500844988,2.207810239,3.1989474189999996,4.198658838,3.862609173,4.076476718,3.6236054839999996,3.108950241,2.8803098819999997,2.744020733
CRI,CR,Costa Rica,Costa Rica,Central America,https://www.countryflags.io/CR/flat/64.png,,,,,0.221229355,0.360593906,0.667082553,1.057337127,1.933882195,2.174177228,2.481968652,4.069592179,8.718098775,9.124755406,9.638638609,10.30262827,10.85294504,11.61965884,13.15731828,15.16665379
CUB,CU,Cuba,Cuba,Central America,https://www.countryflags.io/CU/flat/64.png,,,,,,,,,,0.017215622,0.019858964,0.025471344,0.032700815,0.038935587,0.044042661,0.046967416,0.068122017,0.071169117,0.125723446,0.292007513
CUW,CW,Curacao,Curacao,Central America,https://www.countryflags.io/CW/flat/64.png,,,,,,,,,,,,,,21.11651936,23.25848939,23.88714936,24.70289818,25.31485349,26.80098638,30.73894817
CYM,KY,Cayman Islands,Cayman Islands,Central America,https://www.countryflags.io/KY/flat/64.png,,,,,,,,,,,33.12171711,33.70548463,33.96328391,33.25615511,33.59525755,34.83750493,39.6623403,45.66649434,40.37686168,50.73506717
CYP,CY,Cyprus,Cyprus,Europe,https://www.countryflags.io/CY/flat/64.png,,,,0.26001553899999996,0.599973262,1.005167601,1.6804158219999998,3.085069912,6.017662647000001,9.181963983,18.74455899,21.80944121,23.49341549,24.98810365,25.53304781,26.591832,28.55262541,30.91448227,32.77041657,34.79477524
CZE,CZ,Czech Republic,Czech Republic,Europe,https://www.countryflags.io/CZ/flat/64.png,,,0.024296391,0.060362933,0.149232783,0.33879345200000005,2.304752872,6.91217425,10.80276644,14.45186667,16.88047557,19.41584909,21.4608734,23.74082374,25.09720873,26.95901762,28.25692931,27.7884962,28.93210191,29.62894353
DEU,DE,Germany,Germany,Europe,https://www.countryflags.io/DE/flat/64.png,,,0.32520222600000004,2.575554252,3.927124913,5.472140774,8.566289602000001,13.20758788,18.36783807,24.28118735,27.99195335,30.83358402,32.34071269,33.678185600000006,34.48624747,35.24507723,36.29027045,37.58200947,39.06504075,40.47081904
DJI,DJ,Djibouti,Djibouti,Africa,https://www.countryflags.io/DJ/flat/64.png,,,0.000557426,0.000682397,0.0008040510000000001,,,0.005362245,0.019090489,0.134914418,0.297836765,0.631542469,0.9467235940000001,1.305175781,1.691699246,1.974488339,2.203770375,2.605632436,2.576053264,2.548524794
DMA,DM,Dominica,Dominica,Central America,https://www.countryflags.io/DM/flat/64.png,,,0.114817154,0.251184154,3.20520165,3.782118043,4.622117393,4.8140229660000005,6.072845905,7.04721635,9.848889889,10.24863469,11.63353863,11.58286623,11.79834546,14.73342541,14.81903872,20.71977256,21.058428399999997,20.86303686
DNK,DK,Denmark,Denmark,Europe,https://www.countryflags.io/DK/flat/64.png,,,1.254401169,4.441904554,8.399659693,13.33401275,18.83470322,24.78658916,31.87399746,34.79992622,36.48155306,36.60053195,38.02817865,38.38967858,38.84649934,40.30639874,41.34524288,42.27616351,43.09276997,43.67044088
DOM,DO,Dominican Republic,Dominican Republic,Central America,https://www.countryflags.io/DO/flat/64.png,,,,,,0.16726585,0.409282744,0.656818041,1.097815488,1.8281307519999999,2.481372944,3.230966615,3.9452979569999997,4.227734952,4.762455748,5.122943643999999,5.765952286,6.516729902000001,7.206010523,7.583032894
DZA,DZ,Algeria,Algeria,Africa,https://www.countryflags.io/DZ/flat/64.png,,,,,,0.055549531,0.109652142,0.405546226,0.503287429,0.8368465420000001,1.3912508680000002,2.306449939,2.4918573719999997,2.663671302,3.073930424,3.33867504,4.089891337,5.6916504429999994,7.042218731,7.76963059
ECU,EC,Ecuador,Ecuador,South America,https://www.countryflags.io/EC/flat/64.png,,,,0.020408076,0.049716724000000004,0.05204069,0.08601261,0.19501671399999998,0.32933643,0.703955023,1.07975311,1.642015414,1.4819189419999999,4.341487697,5.471610085,6.7582915020000005,8.297916785,9.214309287,8.919193988,10.12810455
EGY,EG,"Egypt, Arab Rep.",Egypt,Africa,https://www.countryflags.io/EG/flat/64.png,,,,,0.070170708,0.07413971400000001,0.105087562,0.183644698,0.330769126,0.600262119,0.950842616,1.30660124,1.72591763,2.1481972000000003,2.606409417,2.980001666,3.3414576389999997,4.080277871,4.670525242,5.354323204
ERI,ER,Eritrea,Eritrea,Africa,https://www.countryflags.io/ER/flat/64.png,,,,,,,,,,,0.0010395410000000002,0.0016240039999999999,0.002687413,0.0031510559999999997,0.004056148,0.0031391109999999996,0.004214035,0.01031571,0.012109848000000001,0.019728415
ESP,ES,Spain,Spain,Europe,https://www.countryflags.io/ES/flat/64.png,,,0.18667743899999997,1.127268165,2.9712529460000003,4.974819596000001,7.8460902589999995,11.43256606,15.06770227,17.74640966,19.86172775,21.08740386,22.76700985,23.80732087,24.59492421,26.23705144,27.95455346,29.18876692,30.44961186,31.64367784
EST,EE,Estonia,Estonia,Europe,https://www.countryflags.io/EE/flat/64.png,,,,1.255560529,3.362907635,6.577274968999999,10.17017891,13.21877065,18.29100635,19.71241124,21.99427937,23.47791261,26.11534252,26.26717322,26.37920078,27.31226732,28.14172771,29.20420186,30.08026259,30.90043615
ETH,ET,Ethiopia,Ethiopia,Africa,https://www.countryflags.io/ET/flat/64.png,,,,,,7.859999999999999e-05,4.6899999999999995e-05,7.950000000000001e-05,0.000331005,0.001279006,0.0017984029999999999,0.0040952390000000005,0.004682868,0.0070552240000000006,0.009232598,0.25089336100000004,0.48403062,0.478607674,0.5458814000000001,0.052402194000000006
FIN,FI,Finland,Finland,Europe,https://www.countryflags.io/FI/flat/64.png,,,0.674639752,2.576685725,5.246123767,9.395261582,15.26081205,22.32774861,27.07685545,30.52087065,30.41409409,29.30383185,29.06193356,29.80010918,30.4379473,31.6410061,32.20862913,31.55614245,31.10955725,30.94927589
FJI,FJ,Fiji,Fiji,Oceania,https://www.countryflags.io/FJ/flat/64.png,,,,,,,,0.851771136,1.0273008209999999,1.377555665,1.545165651,1.5059268730000002,2.703645561,2.681394925,1.547168256,1.242106819,1.402903119,1.427340052,1.3721126890000002,1.340140607
FRA,FR,France,France,Europe,https://www.countryflags.io/FR/flat/64.png,0.02280684,0.09272355,0.329822066,1.003985028,2.74802476,5.894922018,10.77582628,15.46692273,20.63712425,25.41923583,28.60600652,31.66818481,33.85388487,35.91366493,37.68077916,39.01757257,40.45605529,41.68192162,42.76839447,43.72144909
FRO,FO,Faroe Islands,Faroe Islands,Europe,https://www.countryflags.io/FO/flat/64.png,,,,0.11362201699999999,0.23864849600000002,0.8212781920000001,6.509772967999999,12.1528425,27.1334973,29.852625500000002,30.68577911,32.73491766,33.32440783,33.03365701,33.54292525,34.25851847,35.5493223,36.33615848,36.59221858,36.60174478
FSM,FM,"Micronesia, Fed. Sts.","Micronesia, Fed. Sts.",Oceania,https://www.countryflags.io/FM/flat/64.png,,,,,,0.005617136,0.024395507,0.043316132,0.08989061699999999,0.110394183,,,0.963171711,,,1.989354111,2.9726481760000003,3.137897025,3.019907182,3.577654817
GAB,GA,Gabon,Gabon,Africa,https://www.countryflags.io/GA/flat/64.png,,,,,,0.012799798000000001,0.047646798,0.109042239,0.12202009400000001,0.133159369,0.14319085199999998,0.232991377,0.248870571,0.265158055,0.284605625,0.489745338,0.57578105,0.574144831,0.758566835,0.73906111
GBR,GB,United Kingdom,United Kingdom,Europe,https://www.countryflags.io/GB/flat/64.png,,,0.089718811,0.559532842,2.285602241,5.226067016,10.22626062,16.41928341,21.40197456,25.41087095,27.88511079,28.50204074,30.25187656,32.26499573,33.7518391,35.64264753,36.49857667,37.7486059,38.67786981,39.30539137
GEO,GE,Georgia,Georgia,Europe,https://www.countryflags.io/GE/flat/64.png,,,,0.009203448000000001,0.019892408,0.030792198,0.041911805,0.053270366,0.6082593510000001,1.064448866,2.583357639,3.4983823480000003,4.311120385,5.957534133999999,11.27272825,12.77663122,15.04944712,16.77484434,17.60689661,19.7063645
GHA,GH,Ghana,Ghana,Africa,https://www.countryflags.io/GH/flat/64.png,,,,,,,0.0042884640000000005,0.008838544,0.057652761,0.071351757,0.098632367,0.118813591,0.21248686,0.259332573,0.264764583,0.261118745,0.26024974,0.265136042,0.307004769,0.19702688100000001
GIB,GI,Gibraltar,Gibraltar,Europe,https://www.countryflags.io/GI/flat/64.png,,,,,,,,,,,,28.21034106,31.43511404,33.77937435,35.62739791,,38.19260826,45.50952437,47.67495931,50.25310231
GIN,GN,Guinea,Guinea,Africa,https://www.countryflags.io/GN/flat/64.png,,,,,,,,,,,,,0.00463213,0.005437160999999999,0.006204866,0.006934443,0.007623559,0.00827025,0.008873885,0.00886203
GMB,GM,"Gambia, The","Gambia, The",Africa,https://www.countryflags.io/GM/flat/64.png,,,,,,,0.0025740520000000003,0.004916203,,0.017477565,0.018884885,0.018297591999999998,0.020683758,0.025023434,0.027745022999999997,0.023556949,0.143024592,0.18067445699999998,0.183958703,0.190424685
GNB,GW,Guinea-Bissau,Guinea-Bissau,Africa,https://www.countryflags.io/GW/flat/64.png,,,,,,,,,,,,,0.051417847,0.062650596,0.073436992,0.086351729,0.080834701,0.05936089,0.039709247,0.033793894
GNQ,GQ,Equatorial Guinea,Equatorial Guinea,Africa,https://www.countryflags.io/GQ/flat/64.png,,,,,,,,0.023768117999999998,0.022721047,0.021704346,0.020727346,0.019799562,0.124697194,0.13537298,0.142500479,0.32461480800000003,0.343626486,0.323212145,0.276874964,0.149642381
GRC,GR,Greece,Greece,Europe,https://www.countryflags.io/GR/flat/64.png,,,,,,0.093173279,0.456546822,1.4167782480000002,4.30540526,8.940200407999999,13.19655502,16.74815455,19.68069208,21.5733526,23.63655523,25.73194774,28.01729043,30.65693808,32.32404149,33.85613668
GRD,GD,Grenada,Grenada,Central America,https://www.countryflags.io/GD/flat/64.png,,,,,0.551420176,,0.593243454,3.129705,5.369023522999999,7.336898809,8.615414221,11.86143284,13.79195048,13.96526291,15.16860856,16.99572274,17.68616021,18.49508065,19.40139959,20.62137723
GRL,GL,Greenland,Greenland,Europe,https://www.countryflags.io/GL/flat/64.png,,,,,,0.209846935,5.83879988,12.51602255,16.17665128,18.52723664,21.13439243,22.10548583,21.87577245,21.02666572,20.15229325,19.14418407,18.44560321,17.73772993,,
GTM,GT,Guatemala,Guatemala,Central America,https://www.countryflags.io/GT/flat/64.png,,,,,,,,0.206978788,0.29110977600000004,0.416049709,0.674693207,1.089674025,1.77028447,,1.835511572,2.26225416,2.723850868,2.829404762,3.051415323,3.13950339
GUM,GU,Guam,Guam,Oceania,https://www.countryflags.io/GU/flat/64.png,,,,1.1189186770000001,,,,,,1.699663215,1.6977394909999999,1.88405524,1.881538346,,,1.870615744,1.863736045,,,
GUY,GY,Guyana,Guyana,South America,https://www.countryflags.io/GY/flat/64.png,,,,,,,,0.266330735,,0.315830714,0.6812146090000001,0.9149878029999999,1.499284715,2.741957015,3.981059394,4.867553731,5.924209417999999,6.985819387,7.397229805,8.342000285
HKG,HK,"Hong Kong SAR, China",Hong Kong,Asia,https://www.countryflags.io/HK/flat/64.png,0.169914715,1.314175225,6.669764066,10.65757792,15.37090589,18.69447441,22.31119968,24.29929812,26.18282147,27.52717769,27.88753492,29.40418188,30.85616808,32.53694018,31.73251319,31.26810939,31.70831918,32.40311738,35.958982,36.09110966
HND,HN,Honduras,Honduras,Central America,https://www.countryflags.io/HN/flat/64.png,,,,,,,,,,,,,0.012202893000000001,0.68597634,0.720427349,0.796866635,1.7918961230000001,2.202686827,2.418404658,2.573699683
HRV,HR,Croatia,Croatia,Europe,https://www.countryflags.io/HR/flat/64.png,,,,,,0.07746734599999999,0.597638643,2.654145435,5.761092219,8.872682225,12.13090716,16.52476663,19.35841917,20.69923964,21.39454061,22.31798263,23.12336745,23.28166371,24.7740173,26.15871711
HTI,HT,Haiti,Haiti,Central America,https://www.countryflags.io/HT/flat/64.png,,,,,,,,,,,,,,,0.0,0.0,0.0,0.012585121000000001,0.012427017,0.27228282
HUN,HU,Hungary,Hungary,Europe,https://www.countryflags.io/HU/flat/64.png,,,0.033264681000000004,0.307867222,1.096178237,2.606114639,4.064337201,6.46102475,11.92524148,14.51044889,17.721332999999998,19.84872489,21.75116642,23.36880509,24.27671443,26.38934119,26.29622855,27.78837736,28.88444412,30.53057642
IDN,ID,Indonesia,Indonesia,Asia,https://www.countryflags.io/ID/flat/64.png,,,0.0018908920000000001,0.006992795,0.017608543,0.027930781000000002,0.037967101,0.047725595,0.084566882,0.334251629,0.41563559,0.778732045,0.940242963,1.1136733220000001,1.1985540270000001,1.29023164,1.332648112,1.542829021,2.001946985,2.354593178
IMN,IM,Isle of Man,Isle of Man,Europe,https://www.countryflags.io/IM/flat/64.png,,,,,,,,,,,,,,,,,,,,
IND,IN,India,India,Asia,https://www.countryflags.io/IN/flat/64.png,,,,0.004666452,0.0075617969999999994,0.012667732,0.020867821,0.117819946,0.19793839100000002,0.265325911,0.44104862799999994,0.637890186,0.892784109,1.070461941,1.186175525,1.1675356829999999,1.21728847,1.294274358,1.40867811,1.3333549120000001
IRL,IE,Ireland,Ireland,Europe,https://www.countryflags.io/IE/flat/64.png,,,,,0.266580288,1.032214221,3.683924598,7.65491955,13.05256113,17.25123708,19.85132715,21.37406569,22.04408627,22.96531598,23.77200057,25.39983729,26.86011087,27.86036573,28.78062952,29.43000724
IRN,IR,"Iran, Islamic Rep.",Iran,Asia,https://www.countryflags.io/IR/flat/64.png,,,0.000266135,0.00098515,0.023786714,0.027175211,,,0.140394464,0.277657833,0.411830281,0.54283243,1.3243690000000001,2.8078733330000003,4.975165713,6.665113198999999,7.837182015,8.327395975,9.477832299,12.39209402
IRQ,IQ,Iraq,Iraq,Asia,https://www.countryflags.io/IQ/flat/64.png,,,,,,,,,9.39e-05,0.00034518699999999995,0.00018549400000000002,0.000404755,0.0101324,,,,,,,
ISL,IS,Iceland,Iceland,Europe,https://www.countryflags.io/IS/flat/64.png,,0.029150322000000003,0.840836557,3.684603067,8.505970301,14.43678113,19.15604045,26.44832344,29.27254044,32.77391874,34.10178716,33.87432534,34.09380385,34.50148106,34.84207099,35.91944445,36.42676864,37.68013251,38.5061689,39.86986046
ISR,IL,Israel,Israel,Asia,https://www.countryflags.io/IL/flat/64.png,,,,0.715633988,3.712973522,9.970834011,15.14957812,18.62231693,21.03561236,22.07958328,23.72696519,23.70700182,23.72757512,24.82606826,25.15876845,25.61019191,26.8342994,26.94509685,27.5640553,28.14372769
ITA,IT,Italy,Italy,Europe,https://www.countryflags.io/IT/flat/64.png,,,0.200720075,0.678185774,1.470543381,3.8695006939999996,8.076799568,11.60072434,14.38293981,17.06546422,18.95094121,20.26184029,21.92879679,22.62169689,23.04114951,23.48490983,24.13749394,25.04053158,26.18760767,27.94205516
JAM,JM,Jamaica,Jamaica,Central America,https://www.countryflags.io/JM/flat/64.png,,,,0.120843732,0.333896505,0.331795889,0.98945425,1.639539574,2.472322544,3.342428499,3.488127042,4.001345182,4.141863759,4.179865438999999,4.3310928010000005,4.937781554,5.295226875,7.969890672999999,9.928245565,8.273192497
JOR,JO,Jordan,Jordan,Asia,https://www.countryflags.io/JO/flat/64.png,,,,0.007875256,0.060085242999999997,0.09257382300000001,0.18830857399999998,0.41215510200000005,0.819347811,1.4341233780000002,2.247180277,3.489106475,4.083264763,3.915699432,3.7571630560000004,3.9030534869999998,3.9933111639999996,3.382604919,3.1789794239999996,3.4392791110000003
JPN,JP,Japan,Japan,Asia,https://www.countryflags.io/JP/flat/64.png,0.025171626000000002,0.169630145,0.67013929,3.002579486,7.347328945,11.64786597,15.25356212,18.15636088,20.58572815,22.02478325,23.42867365,25.56121724,26.52763994,27.77798776,28.13472113,28.77235589,29.48508263,30.37514496,31.15933412,31.79404704
KAZ,KZ,Kazakhstan,Kazakhstan,Asia,https://www.countryflags.io/KZ/flat/64.png,,,,,,0.006551856,0.012979403,0.019277472,0.194380665,1.7067353140000001,2.107970064,3.5673392560000003,5.302770123999999,7.168695615,9.676039713,11.38370282,12.28286336,12.96363736,13.06390087,14.15089753
KEN,KE,Kenya,Kenya,Africa,https://www.countryflags.io/KE/flat/64.png,,,,,,,,0.014977133,0.04783271099999999,0.04657103,0.008383481,0.045231771,0.016604534,0.127437111,0.12451820699999999,0.165400874,0.22121598899999997,0.286023921,0.31569759199999997,0.58008813
KGZ,KG,Kyrgyz Republic,Kyrgyz Republic,Asia,https://www.countryflags.io/KG/flat/64.png,,,,,0.000721344,0.002773195,0.037852856000000004,0.04515918,0.053874497,0.060022505999999996,0.361667364,0.324952474,0.42514878700000003,0.7089672920000001,0.976277183,2.3962808030000002,2.956170213,3.6062495980000002,4.044388148,4.268122518999999
KHM,KH,Cambodia,Cambodia,Asia,https://www.countryflags.io/KH/flat/64.png,,,,,0.000395735,0.0032599079999999997,0.005970891,0.007535681,0.021522152000000003,0.061783940999999995,0.11954893,0.21291381899999998,0.249260242,0.151328742,0.201219934,0.217324565,0.43292455700000004,0.538123238,0.619456338,0.8349258709999999
KIR,KI,Kiribati,Kiribati,Oceania,https://www.countryflags.io/KI/flat/64.png,,,,,,,,0.34876793899999997,0.42647994899999997,0.523304711,0.695855343,0.7606793409999999,0.8241437090000001,0.812184681,0.7503775340000001,0.6449532410000001,0.45266074,0.104086044,0.057694829,0.065293218
KNA,KN,St. Kitts and Nevis,St. Kitts and Nevis,Central America,https://www.countryflags.io/KN/flat/64.png,,,,,1.072018181,4.227793515,9.172208208999999,13.37145913,17.882544199999998,19.28369122,22.06151156,25.54730181,28.37982311,24.2279737,24.71905839,25.01457616,26.08533839,30.16504568,29.91554331,28.90956726
KOR,KR,"Korea, Rep.",South Korea,Asia,https://www.countryflags.io/KR/flat/64.png,0.030025237000000003,0.591188987,8.166915374,16.38558619,21.67593456,23.16066089,24.58125819,25.027894,28.71961411,29.98220492,31.44097953,33.10820822,34.69885237,35.90239105,36.540222299999996,37.34860893,38.10404013,39.57890812,40.47038073,41.57512428
KWT,KW,Kuwait,Kuwait,Asia,https://www.countryflags.io/KW/flat/64.png,,,,0.237039285,0.48977695600000004,0.599321936,0.9058221259999999,1.0981176940000001,1.261958105,1.398093001,1.508102279,1.5963452919999999,1.53431376,1.47286897,1.3841621219999998,1.306141505,1.269018758,1.397430861,2.501860541,3.940841208
LAO,LA,Lao PDR,Lao PDR,Asia,https://www.countryflags.io/LA/flat/64.png,,,,,,0.000448056,0.000882674,0.005457049,0.012668061000000001,0.019076313,0.047850448,0.070171891,0.094216168,0.10335538699999999,0.11812627199999999,0.138962519,0.171628933,0.184814841,0.361419417,0.396855716
LBN,LB,Lebanon,Lebanon,Asia,https://www.countryflags.io/LB/flat/64.png,,,,,0.0,0.0,0.0,0.0,0.0,1.223551107,2.432470366,4.709362979,7.633807617,8.768455364,9.685636087,9.097625482,20.20493714,21.93048971,21.64261451,
LBR,LR,Liberia,Liberia,Africa,https://www.countryflags.io/LR/flat/64.png,,,,,,,,,,,0.003003009,0.00393543,0.004711097,0.0015478479999999999,0.012531199,0.118517385,0.136651318,0.155568658,0.17339200100000002,0.19019819899999998
LBY,LY,Libya,Libya,Africa,https://www.countryflags.io/LY/flat/64.png,,,,,,,,,,,0.763941915,1.029234676,1.180067238,1.130216981,1.085788943,1.044227135,1.01223254,0.9783550959999999,2.684144432,4.98853578
LCA,LC,St. Lucia,St. Lucia,Central America,https://www.countryflags.io/LC/flat/64.png,,,,,,0.86971107,2.34205028,4.275749172,4.338389548,6.622112764,9.175629358,10.86760768,11.87333411,12.27622072,14.05496611,14.06353182,15.98392482,16.04121757,16.73229784,17.77023551
LIE,LI,Liechtenstein,Liechtenstein,Europe,https://www.countryflags.io/LI/flat/64.png,,,,,4.2242342289999995,4.370502025,13.703896400000001,24.72454952,28.49408748,40.20157409,43.75228609,44.68769222,42.35758131,37.48896978,39.44725681,40.76668296,42.044872999999995,41.9645483,42.30605851,42.85902642
LKA,LK,Sri Lanka,Sri Lanka,Asia,https://www.countryflags.io/LK/flat/64.png,,,,0.001728965,0.003106095,0.017782698,0.105561801,0.107556852,0.11639463300000001,0.319336095,0.510993976,0.844828261,1.130369392,1.7671656390000001,1.733207896,2.06728788,2.752196468,3.02170412,4.2896571539999995,5.846188879
LSO,LS,Lesotho,Lesotho,Africa,https://www.countryflags.io/LS/flat/64.png,,,,,,,0.001137699,0.002308233,,0.005549146,0.007000245,0.019809737,0.019602549,0.064868814,0.078280209,0.10744507,0.069997693,0.094820074,0.101187891,0.215865124
LTU,LT,Lithuania,Lithuania,Europe,https://www.countryflags.io/LT/flat/64.png,,,,0.069869534,0.580592983,1.956154491,3.816814438,6.99950243,11.16076631,17.14786489,18.35681091,20.00077633,21.74660182,23.62750379,25.31441312,27.89812547,27.07308213,28.42152223,29.49407014,27.63622562
LUX,LU,Luxembourg,Luxembourg,Europe,https://www.countryflags.io/LU/flat/64.png,,,,0.276012158,1.313197784,3.431756095,8.078456196,15.310958800000002,21.24995167,27.10639069,29.519382399999998,31.45811126,33.15055061,32.64851204,31.87530875,32.401908500000005,33.57803838,34.46018552,35.27591112,36.78089998
LVA,LV,Latvia,Latvia,Europe,https://www.countryflags.io/LV/flat/64.png,,,0.011911937,0.137153158,0.428726015,0.8471338270000001,2.156653232,2.698510602,4.928674564,15.39941906,18.97470442,21.19573451,20.52417163,21.86014481,23.04234374,24.30438498,25.0480501,25.26784509,26.34590694,26.99031118
MAC,MO,"Macao SAR, China",Macao,Asia,https://www.countryflags.io/MO/flat/64.png,,,0.871771746,2.234290006,3.7768213569999998,6.035897224,9.591199971,14.09775799,18.69314036,21.93190863,23.63555414,24.01273146,24.59750935,25.05482865,25.70453895,26.36074889,27.42921392,28.278769,29.07033538,29.87630247
MAF,MF,St. Martin (French part),St. Martin (French part),Central America,https://www.countryflags.io/MF/flat/64.png,,,,,,,,,,,,,,,,,,,,
MAR,MA,Morocco,Morocco,Africa,https://www.countryflags.io/MA/flat/64.png,,,,,0.00677682,0.009087273,0.21425292199999998,0.816281998,1.26940493,1.528731888,1.5610034609999999,1.498920112,1.556632581,1.811406939,2.068594722,2.495035517,2.894832526,3.297193871,3.5587935930000003,3.8580951430000003
MCO,MC,Monaco,Monaco,Europe,https://www.countryflags.io/MC/flat/64.png,,,2.493610124,8.213844252000001,15.02957492,19.84331825,22.83124212,28.11233096,31.96930946,35.03175643,36.25916939,36.67816281,37.20278212,42.45672987,43.0299341,44.49711622,46.67995384,47.91291409,48.34930777,49.76870397
MDA,MD,Moldova,Moldova,Europe,https://www.countryflags.io/MD/flat/64.png,,,,0.005710183000000001,0.010008102,0.014310898,0.058300613,0.250018099,0.525776106,1.279014031,2.8025947110000002,4.581620297,6.628896058,8.739068929,10.27367484,11.52679641,12.51112117,13.14303071,13.73046363,14.42358484
MDG,MG,Madagascar,Madagascar,Africa,https://www.countryflags.io/MG/flat/64.png,,,,,,,,,0.0072085840000000005,0.012113088999999999,0.01744308,0.02224694,0.025487385,0.031512215,0.139068304,0.165444704,0.10527854800000001,0.097771371,0.105987049,0.098009866
MDV,MV,Maldives,Maldives,Asia,https://www.countryflags.io/MV/flat/64.png,,,,,0.06455098,0.166441105,0.23097515300000002,1.022469232,1.916480079,3.0960811739999996,4.45118735,4.3384926980000005,4.26681225,4.701824163,4.676038248999999,5.121075398,4.860292911,5.53891822,6.851803365,8.37302042
MEX,MX,Mexico,Mexico,Central America,https://www.countryflags.io/MX/flat/64.png,,,0.01474641,0.048512100999999995,0.221824207,0.405499018,0.98815481,1.772206615,2.743150847,4.027690604,6.627233075,8.346953785,9.020593698999999,9.712039087,10.82302345,10.40337225,10.49134692,11.72259493,12.60161808,13.27861954
MHL,MH,Marshall Islands,Marshall Islands,Oceania,https://www.countryflags.io/MH/flat/64.png,,,,,,,,,,,,,,,,2.432140625,2.593670838,1.887006076,1.884445784,1.882282079
MKD,MK,North Macedonia,North Macedonia,Europe,https://www.countryflags.io/MK/flat/64.png,,,,,,,,0.60360962,1.768416665,4.866087812,8.755631529,11.25048512,12.4951044,13.58653299,15.05624782,16.30677075,17.04427688,17.42988533,18.33220738,19.02374278
MLI,ML,Mali,Mali,Africa,https://www.countryflags.io/ML/flat/64.png,,,,,,,,,0.023323392000000002,0.023399329,0.037289004,0.056440251,0.05319373,0.054578250999999994,0.026988749,0.017654036,,0.020031023000000002,0.140723698,0.21850956600000002
MLT,MT,Malta,Malta,Europe,https://www.countryflags.io/MT/flat/64.png,,,0.41747758799999996,2.294096278,4.405399411,5.638735054,9.294160348,12.63781783,12.95956805,20.46724052,23.82973251,27.45015638,30.25377905,30.75720599,32.2627255,33.78886038,35.61270766,38.16625196,39.887787,42.08525306
MMR,MM,Myanmar,Myanmar,Asia,https://www.countryflags.io/MM/flat/64.png,,,,,,,,0.000501211,0.008109081,0.013149871,0.020200182,0.04666602,0.045757332000000005,0.043316888,,,,0.06282193700000001,0.16958612399999998,0.209042022
MNE,ME,Montenegro,Montenegro,Europe,https://www.countryflags.io/ME/flat/64.png,,,,,,,,1.243534916,,2.8817532010000004,6.398692863,9.525376815,10.35824984,10.34620587,14.01180742,15.26421876,16.5472841,17.89206244,18.27000628,21.84972017
MNG,MN,Mongolia,Mongolia,Asia,https://www.countryflags.io/MN/flat/64.png,,,,0.002024981,0.0036830020000000003,0.020248768,0.036045677000000005,0.071246328,0.136825003,0.285337254,1.236772444,1.501973737,2.8294840839999997,3.405810432,3.914575446,4.870121609,6.746033375,6.988767087,7.470012202,9.269366737999999
MNP,MP,Northern Mariana Islands,Northern Mariana Islands,Oceania,https://www.countryflags.io/MP/flat/64.png,,,,,,,,,,,,,,,,,,,,
MOZ,MZ,Mozambique,Mozambique,Africa,https://www.countryflags.io/MZ/flat/64.png,,,,,,,,,0.01021466,0.028695191000000002,0.048737768,0.058442285,0.071519385,0.113773585,0.114649109,0.109145774,0.135912395,0.151977686,0.16163665300000002,0.207763473
MRT,MR,Mauritania,Mauritania,Africa,https://www.countryflags.io/MR/flat/64.png,,,,,,,,0.0052384120000000004,0.030211265,0.120748702,0.172441065,0.193224287,0.160934501,0.164619149,0.17484548600000002,0.190868614,0.196854269,0.23044510199999999,0.24740654399999998,0.285893076
MUS,MU,Mauritius,Mauritius,Africa,https://www.countryflags.io/MU/flat/64.png,,,,,0.023714192000000002,0.09793266099999999,0.210911286,0.441733776,2.271398537,2.84720697,4.237173937,5.858005955,7.526072655,9.451065247999999,11.23370494,12.93724956,14.47639592,15.67343361,16.84451389,19.4445191
MWI,MW,Malawi,Malawi,Africa,https://www.countryflags.io/MW/flat/64.png,,,,,,0.000559307,0.001088668,0.0030982279999999997,,0.006748082,0.006909003,0.007027033,0.007153644,0.011070145,0.007690728000000001,0.052946385,0.050155728,0.033317007999999995,0.048044462999999996,0.058081514
MYS,MY,Malaysia,Malaysia,Asia,https://www.countryflags.io/MY/flat/64.png,,,,0.016878416,0.07976425,0.447176184,1.003014645,1.8827413419999999,2.8725997060000004,3.887951725,4.903163354,5.627887865,7.462216969,8.753933281,10.01321337,9.892709812,10.126367199999999,9.97228312,8.717660879,8.499170131
NAM,,Namibia,Namibia,Africa,,,,,,,,,0.006593852,0.009631596,0.012308195,0.015191976999999999,0.022320593,0.434158395,0.794811026,1.062442633,1.5428314890000001,1.7381754130000002,2.902751157,2.5947760890000002,2.5960673990000003
NCL,NC,New Caledonia,New Caledonia,Oceania,https://www.countryflags.io/NC/flat/64.png,,,,0.060818282,0.316616008,0.741247678,2.248310272,4.125731673,6.5984308579999995,8.460036064,10.44153479,13.38692793,15.21528699,16.79396207,18.54612332,20.46668627,21.95881686,20.57705386,,
NER,NE,Niger,Niger,Africa,https://www.countryflags.io/NE/flat/64.png,,,,,,,0.000586577,0.001556712,0.002455409,0.0032859890000000004,0.0040516070000000005,0.006323545999999999,0.009132099,0.012388193,0.020691832,0.034732827,0.156432303,0.136643955,0.037280534,0.040274991
NGA,NG,Nigeria,Nigeria,Africa,https://www.countryflags.io/NG/flat/64.png,,,,,,,,0.000359869,,0.036603667,0.045079599000000005,0.053080855999999996,0.062497847999999995,,0.008535105999999999,0.008755782,0.008919843,0.008658709,0.058030652,0.058062833
NIC,NI,Nicaragua,Nicaragua,Central America,https://www.countryflags.io/NI/flat/64.png,,,0.013925371,0.031446356,0.044839893,0.084012625,0.094186059,0.195823716,0.349380969,0.49890386,0.7724006370000001,1.388456284,1.277144261,1.465128051,1.723841046,2.214810015,1.8524951040000002,1.912320465,2.878472724,3.379513673
NLD,NL,Netherlands,Netherlands,Europe,https://www.countryflags.io/NL/flat/64.png,0.479497603,,1.632531275,2.9104550010000003,7.268405941,12.27088459,19.68419092,25.05016448,31.58229858,33.36149099,35.03586937,36.86189498,37.93701066,38.82419922,39.63286884,40.33326249,40.56400966,41.49775609,42.28445553,42.32699133
NOR,NO,Norway,Norway,Europe,https://www.countryflags.io/NO/flat/64.png,,,0.517783946,1.957509653,4.516193179,8.725355603999999,14.60710615,21.40049875,26.63208555,30.87656113,33.06004579,34.55912147,35.27216603,36.09179814,37.06547098,37.63407504,38.4632175,39.36943396,40.14309872,40.64456798
NPL,NP,Nepal,Nepal,Asia,https://www.countryflags.io/NP/flat/64.png,,,,,,,,,0.003712325,0.041796925,0.045324308,0.063864232,0.222686952,0.346380835,0.834063745,1.11293032,0.88479281,1.056330336,0.77350782,1.7171337119999999
NRU,NR,Nauru,Nauru,Oceania,https://www.countryflags.io/NR/flat/64.png,,,,,,,,,,,,,9.476309227,,,,,,,
NZL,NZ,New Zealand,New Zealand,Oceania,https://www.countryflags.io/NZ/flat/64.png,,,0.12070487699999999,0.441844832,1.097596239,2.063614523,4.697902528999999,7.762332375,11.23290309,20.15094666,21.38596296,23.64610284,24.98820383,26.66144603,28.47075134,29.130982500000002,30.87568704,31.44197505,32.83747776,33.63921002
OMN,OM,Oman,Oman,Asia,https://www.countryflags.io/OM/flat/64.png,,,,,0.004155448,0.005701696,0.027323846000000002,0.527223487,0.776812618,0.757747031,1.176036077,1.426702306,1.925259579,2.4161422530000003,3.270869965,4.157100628999999,4.4702436930000005,5.553441703,6.433046568,7.526019884
PAK,PK,Pakistan,Pakistan,Asia,https://www.countryflags.io/PK/flat/64.png,,,,,,,,0.009486084,0.01693954,0.028162017,0.102711606,0.23443878199999998,0.462878845,0.669578851,0.852563617,0.8959780690000001,1.0825785620000001,0.946876197,0.850297849,0.9286928059999999
PAN,PA,Panama,Panama,Central America,https://www.countryflags.io/PA/flat/64.png,,,,0.251514394,0.388503349,0.46862526,0.512181985,0.527463883,3.3237369560000003,4.351227501,5.579495078,6.548080187,7.089658549,7.628361106,7.811922697999999,8.004924889,7.942267211,7.965436283,10.6573703,10.88365332
PER,PE,Peru,Peru,South America,https://www.countryflags.io/PE/flat/64.png,,0.000293412,0.004159772,,0.140597509,0.348611305,0.834555718,1.27713424,1.734883619,2.015422764,2.533215232,2.853862042,3.174624628,4.07179922,4.78393059,5.276539243999999,5.70508767,6.3724383,6.674553867999999,7.182285608
PHL,PH,Philippines,Philippines,Asia,https://www.countryflags.io/PH/flat/64.png,,,,0.012552513999999999,0.025813729,0.066239559,0.105103429,0.142568633,0.301824113,0.55564073,1.152280464,1.867697444,,1.879763563,2.2160363519999997,2.612482777,2.8970378080000003,2.8510654810000005,2.889513729,3.239947468
PLW,PW,Palau,Palau,Oceania,https://www.countryflags.io/PW/flat/64.png,,,,,,,0.373661886,0.502361097,0.48470917399999996,0.50208789,0.548744315,0.6980631209999999,1.167562286,2.514685179,4.326042971000001,8.628107075,5.262159856,5.749718151000001,,
PNG,PG,Papua New Guinea,Papua New Guinea,Oceania,https://www.countryflags.io/PG/flat/64.png,,,,,,,,,,,0.044009396,0.064095487,0.08581591,0.103172939,0.123808411,0.148823929,0.170195538,0.18939812399999997,0.21026615899999998,0.218151092
POL,PL,Poland,Poland,Europe,https://www.countryflags.io/PL/flat/64.png,,,,0.031149409,0.316189865,0.509255928,2.281132135,2.463746915,7.592783878,10.88976831,11.644111599999999,14.60148462,15.28699879,18.19404411,17.97532004,18.35331704,18.89077029,18.987333300000003,19.17078118,19.99165486
PRI,PR,Puerto Rico,Puerto Rico,Central America,https://www.countryflags.io/PR/flat/64.png,,,,0.063869984,0.598836468,1.434728147,2.28534946,3.140915478,4.000758433000001,4.864764991,11.41151479,12.88916631,14.838998000000002,15.05943916,15.50272395,16.30835387,16.58194128,18.02740976,18.71600748,18.02010357
PRK,KP,"Korea, Dem. Peopleâ€™s Rep.",North Korea,Asia,https://www.countryflags.io/KP/flat/64.png,,,,,,,,,,,,,,,,,,,,
PRT,PT,Portugal,Portugal,Europe,https://www.countryflags.io/PT/flat/64.png,,0.002879969,0.24291372100000003,0.955024717,2.4952057069999998,4.787113478999999,7.963047672999999,11.03038571,13.43107152,14.365312900000001,15.35309614,17.93355093,19.96455984,21.1102714,22.59325687,24.34874028,27.29185512,30.15977485,32.54645583,34.60036714
PRY,PY,Paraguay,Paraguay,South America,https://www.countryflags.io/PY/flat/64.png,,,0.002828748,0.005548749,0.009076698000000001,0.008915914,0.053473686,0.096626793,0.10199231800000001,0.144146343,0.211671115,1.263659591,1.441139655,1.9082481869999999,2.134305156,2.421625367,2.825221317,3.3266160769999997,3.714060382,4.08393585
PSE,PS,West Bank and Gaza,West Bank and Gaza,Asia,https://www.countryflags.io/PS/flat/64.png,,,,,,,0.0005136930000000001,0.20868694699999998,0.742533605,1.4832086219999998,,,,3.732200652,4.339504908,4.826323482,5.182278495,5.886914622000001,6.690038314,7.342395142999999
PYF,PF,French Polynesia,French Polynesia,Oceania,https://www.countryflags.io/PF/flat/64.png,,,,0.010361706,0.013060905,0.380685637,1.807566279,4.315654842,7.0720469139999995,9.056233068,10.51413677,11.30728478,12.04054962,13.34109093,14.79556722,16.41513849,18.05549506,18.69278692,19.78637298,20.38253471
QAT,QA,Qatar,Qatar,Asia,https://www.countryflags.io/QA/flat/64.png,,,,,0.035312758,0.434368401,1.4383511999999998,2.96104701,4.629239238,7.369751848,7.6422507920000005,9.099938395,8.191771985,8.432195011000001,8.775588177000001,9.575187083,9.495880887,9.581715218,9.873048684,9.721087098
ROU,RO,Romania,Romania,Europe,https://www.countryflags.io/RO/flat/64.png,,,,0.027292409,0.072295741,0.902511533,0.48290587799999996,1.7595524390000001,5.130879317,9.280232454,12.0906289,13.64150809,14.67978993,16.17875789,17.5563692,18.88694457,20.10935808,21.44294043,22.49965277,24.27423508
RUS,RU,Russian Federation,Russia,Europe,https://www.countryflags.io/RU/flat/64.png,,,,,0.007576025,0.237231195,0.46860484,1.10640585,2.0234026330000003,3.42297949,6.4857375589999995,9.015130849,10.96722017,12.30930832,14.58876649,16.53607524,17.35553063,18.68221273,19.11769882,21.60100572
RWA,RW,Rwanda,Rwanda,Africa,https://www.countryflags.io/RW/flat/64.png,,,,,,,0.013018179,0.013123163,0.018508502,0.026917452999999997,0.011536676000000001,0.022190047,0.038470389,0.082207509,0.050960005,0.02513296,0.025710958,0.18164928600000002,0.182261258,0.178401654
SAU,SA,Saudi Arabia,Saudi Arabia,Asia,https://www.countryflags.io/SA/flat/64.png,,,,0.065716617,0.15877618400000001,0.20385322600000003,0.295752401,0.283606548,0.887677305,2.467535085,4.040350383,5.392488912,6.240859842000001,6.910743033999999,8.733135607000001,9.750382675,9.852371542,11.29689049,10.18619061,7.585997455
SDN,SD,Sudan,Sudan,Africa,https://www.countryflags.io/SD/flat/64.png,,,,,,,0.002627016,0.004105213,0.00653335,0.131650169,0.13540988699999998,,0.039260206,0.049563069,0.068877099,0.069761349,0.054748656,0.07162891,0.065646209,0.076682572
SEN,SN,Senegal,Senegal,Africa,https://www.countryflags.io/SN/flat/64.png,,,,,0.011541945,0.022331574,0.069962022,0.160230858,0.250295,0.321150604,0.388054465,0.467854261,0.608900632,0.697042533,0.6973467309999999,0.7558823029999999,0.710581681,0.671770317,0.638174561,0.705305999
SGP,SG,Singapore,Singapore,Asia,https://www.countryflags.io/SG/flat/64.png,0.267993054,0.785656633,1.7629204180000002,3.757360134,6.535618637000001,9.815745906,12.47585834,14.61130847,17.08406143,19.56670938,22.08154878,24.84131565,26.37630137,27.20624758,27.18291438,27.85759015,27.05410196,26.84967758,25.98686873,25.84936635
SLB,SB,Solomon Islands,Solomon Islands,Oceania,https://www.countryflags.io/SB/flat/64.png,,,,,,,0.043637252,0.095768113,0.13501668,0.202864446,0.297337639,0.387537567,0.477841566,0.450321897,0.38656032,0.33433124,0.231970586,0.241709533,0.273431439,0.190727628
SLE,SL,Sierra Leone,Sierra Leone,Africa,https://www.countryflags.io/SL/flat/64.png,,,,,,,,,,,,,,,,,,,,
SLV,SV,El Salvador,El Salvador,Central America,https://www.countryflags.io/SV/flat/64.png,,,,,,0.32824056100000004,0.48862022,0.7018456409999999,1.0151774679999999,1.4754889269999998,2.0206696859999997,2.434402494,2.843221957,3.3265725319999997,3.8915034060000004,4.550282309,5.077303038999999,5.592114539,6.230485749,6.941630671
SMR,SM,San Marino,San Marino,Europe,https://www.countryflags.io/SM/flat/64.png,,,,,,2.105706465,3.727568766,4.172366621,4.9976362530000005,5.334089468999999,16.14444335,17.72613352,19.26068788,20.75292026,31.02713543,31.67198093,35.82692838,35.31856796,36.14131253,31.43712575
SOM,SO,Somalia,Somalia,Africa,https://www.countryflags.io/SO/flat/64.png,,,,,,,,,,,,,,,0.313386885,0.456887035,0.5180148929999999,0.589583257,0.642548021,0.664743748
SRB,RS,Serbia,Serbia,Europe,https://www.countryflags.io/RS/flat/64.png,,,,,,,,0.447963596,1.6375541740000001,4.404501237,6.211928785,8.062683457,11.79567705,13.45223168,14.85329472,16.49670062,16.85212458,18.79585407,20.77812091,21.29479481
SSD,SS,South Sudan,South Sudan,Africa,https://www.countryflags.io/SS/flat/64.png,,,,,,,,,,,,,1.99e-05,3.8299999999999996e-05,0.000157142,0.000894655,0.00086723,0.001262399,0.0012264189999999999,0.001590367
STP,ST,Sao Tome and Principe,Sao Tome and Principe,Africa,https://www.countryflags.io/ST/flat/64.png,,,,,,,,,0.078454509,0.18884004399999998,0.20609539100000002,0.259347942,0.334714148,0.41219239399999996,0.425394638,0.522868828,0.575115284,0.671940599,0.712820769,0.723839727
SUR,SR,Suriname,Suriname,South America,https://www.countryflags.io/SR/flat/64.png,,,,,0.019459925,0.044232203,0.08508397,0.221867697,0.526663322,0.8249870020000001,1.117348801,1.741964853,2.87833371,4.356749293,5.44949793,6.837283887000001,8.468265903999999,9.524627265,12.75449166,12.64053021
SVK,SK,Slovak Republic,Slovak Republic,Europe,https://www.countryflags.io/SK/flat/64.png,,,,,0.075608955,0.415953226,1.4587495430000001,3.362460532,5.64254305,10.12654664,11.20029873,14.35097808,16.22696693,17.61783651,19.29991674,20.44301243,21.92620767,23.4185977,24.54973331,25.7863098
SVN,SI,Slovenia,Slovenia,Europe,https://www.countryflags.io/SI/flat/64.png,,,,0.2766114,2.853494305,2.915687305,5.778209628,9.850817595,13.964230800000001,17.1179699,21.00696554,22.06075982,23.00676521,24.07535467,24.72036847,25.39161587,26.84000975,27.18571729,28.36174876,28.9339877
SWE,SE,Sweden,Sweden,Europe,https://www.countryflags.io/SE/flat/64.png,,,2.8035362839999998,6.597141561,9.416307745,12.23269331,15.68297871,27.90248028,27.36288217,30.34185604,31.4265191,31.621838800000003,31.9433795,31.98281789,32.21050158,32.73566451,33.866040500000004,35.8090513,37.40539422,39.01190239
SWZ,SZ,Eswatini,Eswatini,Africa,https://www.countryflags.io/SZ/flat/64.png,,,,,,,,,,,0.066615066,0.12738475900000001,0.30411283899999997,0.654882482,0.274724835,0.330329952,0.39379289700000003,0.454886275,0.521183115,0.585114397
SXM,SX,Sint Maarten (Dutch part),Sint Maarten (Dutch part),Central America,https://www.countryflags.io/SX/flat/64.png,,,,,,,,,,,,,,,,,,,,
SYC,SC,Seychelles,Seychelles,Africa,https://www.countryflags.io/SC/flat/64.png,,,,,,,0.39893009,1.068241233,2.7604590730000003,3.8690311360000003,3.767946541,5.002526529,7.431759751,10.24892741,11.46123422,13.37896836,12.6825659,14.31588829,14.89472344,16.06658433
SYR,SY,Syrian Arab Republic,Syria,Asia,https://www.countryflags.io/SY/flat/64.png,,,,,,,0.00336953,0.014758443999999999,0.027586605,0.035435587000000004,0.054389957999999995,0.166421023,0.33216400100000004,0.581384398,1.185826089,1.7474054019999998,2.609965375,3.892508706,5.477966277,7.789164102999999
TCA,TC,Turks and Caicos Islands,Turks and Caicos Islands,Central America,https://www.countryflags.io/TC/flat/64.png,,,,,,,,,,,,,,,,,,,,
TCD,TD,Chad,Chad,Africa,https://www.countryflags.io/TD/flat/64.png,,,,,,,,,,,,0.002581983,0.0027845070000000003,0.12856578,0.153119192,0.11184300000000001,0.074660424,0.080924161,0.072443998,0.070268485
TGO,TG,Togo,Togo,Africa,https://www.countryflags.io/TG/flat/64.png,,,,,,,,,,0.020025394,0.031013685,0.06580867900000001,0.41865602,0.509620645,0.6048999039999999,0.098183318,0.174438349,0.8508788559999999,0.589729088,0.586788863
THA,TH,Thailand,Thailand,Asia,https://www.countryflags.io/TH/flat/64.png,,,,0.002538426,,0.017986227,0.253491299,0.849050072,1.3574771719999998,1.9538167290000001,3.114847588,3.9237511119999997,4.838429808,5.767795797000001,6.660871114,7.6192639710000005,7.951266686,9.072557153,10.48305493,11.88918842
TJK,TJ,Tajikistan,Tajikistan,Asia,https://www.countryflags.io/TJ/flat/64.png,,,,,,0.000152048,,,,0.050962022,0.050042902,0.05888005599999999,0.061505202,0.064227645,0.06754169,0.070923642,0.072942557,0.070186512,0.068689567,0.067254448
TKM,TM,Turkmenistan,Turkmenistan,Asia,https://www.countryflags.io/TM/flat/64.png,,,,,,,,,,,0.0015195220000000001,0.009285236,0.014212111999999999,0.021259896,0.026576363,0.033542808,0.042076447,0.053905605,0.070639628,0.086834576
TLS,TL,Timor-Leste,Timor-Leste,Asia,https://www.countryflags.io/TL/flat/64.png,,,,,,0.0009366689999999999,0.001304307,0.002143238,0.002765537,0.004694955,0.006585599,0.043131039,0.045061649,0.048607054000000004,0.051869013,0.059103351,0.084761555,0.082837958,0.081029676,0.258117072
TON,TO,Tonga,Tonga,Oceania,https://www.countryflags.io/TO/flat/64.png,,,,,0.011090498,0.022046517999999998,0.332649443,0.6383547270000001,0.622486208,0.7620387470000001,0.6999660209999999,0.965213698,1.056300834,1.243103168,1.4292384059999999,1.6140057719999998,1.7016127509999999,2.31093227,2.800545173,2.77726347
TTO,TT,Trinidad and Tobago,Trinidad and Tobago,Central America,https://www.countryflags.io/TT/flat/64.png,,,,,0.013773275,0.068844564,0.328003502,0.832964515,1.5817898869999998,2.710767915,6.496033061,9.840740667999999,12.26187787,12.90976545,15.01280572,15.76104693,18.31740733,20.47817354,18.72425753,23.86750662
TUN,TN,Tunisia,Tunisia,Africa,https://www.countryflags.io/TN/flat/64.png,,,,,0.000263576,0.002605718,0.028340119,0.173947353,0.430015841,0.931396287,2.184305378,3.543935401,4.532021871,5.197785767,4.843612389,4.7208794030000005,5.092818426,5.091309735,5.614777473999999,6.952620276
TUR,TR,Turkey,Turkey,Asia,https://www.countryflags.io/TR/flat/64.png,,,,0.017003816,0.032551437,0.301613949,0.8624824659999999,2.34121982,4.033664418,6.830377467999999,8.172859717,9.041716695,9.81399953,10.34112976,10.55247691,11.73466679,11.51017619,12.143113900000001,13.20509577,14.76859502
TUV,TV,Tuvalu,Tuvalu,Oceania,https://www.countryflags.io/TV/flat/64.png,,,,,,,0.505356782,1.4959609059999999,2.4662128830000003,2.6359465,2.8046421660000003,0.9577626659999999,2.278985851,4.234098607,4.195804196,4.159349293,4.125412541,4.090537224,4.055150041,4.020729092
TZA,TZ,Tanzania,Tanzania,Africa,https://www.countryflags.io/TZ/flat/64.png,,,,,,,,0.006569308,0.007377886,0.008095657,0.014841642,0.015553833000000001,0.016386618000000002,0.05942288,0.084194125,0.11143126800000001,0.161960778,0.196733639,3.325704159,3.224858467
UGA,UG,Uganda,Uganda,Africa,https://www.countryflags.io/UG/flat/64.png,,,,,,,,0.002977865,0.004094663,0.006080321999999999,0.015152905,0.018308371,0.041279508,0.10119780099999999,0.10576532300000001,0.110508342,0.142140755,0.20108173199999999,0.260940733,0.34007219
UKR,UA,Ukraine,Ukraine,Europe,https://www.countryflags.io/UA/flat/64.png,,,,,,,,0.277231827,1.115487517,1.724645103,3.464220984,4.147706232,6.454904046,6.956210822,8.037551512,8.858429483,9.30621027,11.80610727,12.21740817,12.55426783
URY,UY,Uruguay,Uruguay,South America,https://www.countryflags.io/UY/flat/64.png,,,,,,,0.81225091,1.459550904,3.199658485,4.941041835,7.297637835,9.44118736,11.36638499,13.96717415,17.09470477,21.62784386,24.57229702,26.25438868,26.76452945,27.57338541
USA,US,United States,United States,North America,https://www.countryflags.io/US/flat/64.png,0.25618542899999996,0.987686836,2.507200635,4.491031989,6.915156702000001,9.566103262,12.76837571,17.33352641,20.22571123,23.85400897,25.42405841,26.13465459,27.38517984,28.39305905,29.52554777,30.43449694,30.785086199999995,31.94832236,33.00239939,33.85261104
UZB,UZ,Uzbekistan,Uzbekistan,Asia,https://www.countryflags.io/UZ/flat/64.png,,,,,,0.010673363,0.021077718999999998,0.031196977,0.032126871,0.070276039,0.23798678199999998,0.31516262,0.412496634,0.508321389,0.746678689,1.020328828,2.690033692,5.771515974,8.733354226,10.40471108
VCT,VC,St. Vincent and the Grenadines,St. Vincent and the Grenadines,Central America,https://www.countryflags.io/VC/flat/64.png,,,,0.07500833400000001,1.004198029,1.057683433,1.215928666,3.353748253,5.158529755,7.310609187000001,8.577840883,10.53243389,11.43667383,12.11713813,12.45426606,13.35894621,13.45684318,15.49495226,19.94199356,21.99787073
VEN,VE,"Venezuela, RB","Venezuela, RB",South America,https://www.countryflags.io/VE/flat/64.png,,,0.018265836,0.146846645,0.307575752,0.45227553200000004,0.798447235,1.3298829859999999,1.973731356,3.0976927780000003,3.962521668,4.9026906089999995,5.763656117999999,6.162373375,6.813312646,7.366720092,7.808099048,8.281395932999999,8.274623633,8.155010474
VGB,VG,British Virgin Islands,British Virgin Islands,Central America,https://www.countryflags.io/VG/flat/64.png,,,,,,,,,,,,29.07702197,25.26814575,26.16752088,26.07948367,21.27615639,21.60673246,22.11669379,20.27983432,17.70739838
VIR,VI,Virgin Islands (U.S.),Virgin Islands (U.S.),Central America,https://www.countryflags.io/VI/flat/64.png,,,,,,,1.372980775,2.752497843,,5.537562651,6.943950261,8.453164771,8.572855138,,,8.641072632,8.657596802999999,8.573306534,,
VNM,VN,Vietnam,Vietnam,Asia,https://www.countryflags.io/VN/flat/64.png,,,,,0.0013128920000000002,0.011093968999999999,0.063103634,0.24911265800000001,0.6070525,1.506714609,2.3630549690000002,3.670603621,4.147413606000001,4.291536252,5.27945682,5.631370616,6.483907841000001,8.183702855,9.611269105,11.79594058
VUT,VU,Vanuatu,Vanuatu,Oceania,https://www.countryflags.io/VU/flat/64.png,,,,,,0.007539051999999999,0.011266611999999999,0.028179777000000003,0.044261394,0.059103536,0.088754771,0.216651862,0.211599907,0.13933047,0.125260117,0.12246091099999999,1.7651149309999998,1.623942283,1.659011398,1.644560606
WSM,WS,Samoa,Samoa,Oceania,https://www.countryflags.io/WS/flat/64.png,,,,,,,0.017898993999999998,0.036125361,0.054115542,0.071316503,0.08718110800000001,0.108209884,0.10740850099999999,,0.572956859,0.648993222,1.051016694,1.0755629420000001,1.1115951309999998,0.861331704
XKX,,Kosovo,Kosovo,Europe,,,,,,,,,,,,,,,,,,,,,
YEM,YE,"Yemen, Rep.","Yemen, Rep.",Asia,https://www.countryflags.io/YE/flat/64.png,,,,,,,,0.007277876,0.01314239,0.050570980999999994,0.116297841,0.23503881100000001,0.35582999299999996,0.449443651,0.67161866,1.0040536709999999,1.295419355,1.4675173209999999,1.5603127769999998,1.660152309
ZAF,ZA,South Africa,South Africa,Africa,https://www.countryflags.io/ZA/flat/64.png,,,,,0.005675563000000001,0.04263073,0.124359046,0.338566194,0.678851084,0.7577096809999999,0.8450347340000001,0.943677223,1.440350594,1.735436246,2.089127043,3.0040696039999997,3.1285779639999998,2.548952388,2.054378796,1.980333781
ZMB,ZM,Zambia,Zambia,Africa,https://www.countryflags.io/ZM/flat/64.png,,,0.000199407,0.00028639700000000003,0.000431639,0.0007967089999999999,0.00213097,0.002074318,0.018888119,0.031431779,0.043592529000000005,0.079530829,0.074129787,0.115073823,0.102034451,0.08874027400000001,0.131368249,0.145274206,0.191569242,0.21008381199999998
ZWE,ZW,Zimbabwe,Zimbabwe,Africa,https://www.countryflags.io/ZW/flat/64.png,,,,0.006234754,0.022775043,0.050546557,0.070177987,0.078709233,0.077718626,0.114104305,0.132758352,0.341259637,0.234269895,0.236330225,0.488789685,0.690265094,0.987783612,1.039375752,1.057796723,1.1331584259999998
