Country Code,alpha2Code,Country Name,alias,region,flagImageUrl,1962,1967,1972,1977,1982,1987,1992,1997,2002,2007,2012,2014
ABW,AW,Aruba,Aruba,Central America,https://www.countryflags.io/AW/flat/64.png,,,,,,,,,,,,
AFG,AF,Afghanistan,Afghanistan,Asia,https://www.countryflags.io/AF/flat/64.png,5042.00368691841,4533.68610507421,3998.739739713,3579.7513169916497,3659.9959262653997,4063.06707361106,3254.96878060378,2435.79547914293,2086.21210693264,1739.81798736379,1513.09107787795,1412.91214107761
AGO,AO,Angola,Angola,Africa,https://www.countryflags.io/AO/flat/64.png,26388.3339315283,25631.0654054566,23685.4874537333,19644.970257116798,16530.8641285833,13845.686086488799,11692.796115716299,9951.87461713861,8447.7696946194,7079.52308697055,5894.55180516467,5493.32692544171
ALB,AL,Albania,Albania,Europe,https://www.countryflags.io/AL/flat/64.png,15718.869480208,13685.4026102998,11992.1930377518,10702.0122170034,9661.39157081297,8723.55570833489,8284.470867150041,8544.34531098082,8816.75248524259,9057.18721475332,9274.57961847344,9310.84516168334
AND,AD,Andorra,Andorra,Europe,https://www.countryflags.io/AD/flat/64.png,20533.5068314899,15203.776857115301,11735.8322177599,9630.46596075799,8068.72219665593,6513.25972551852,5359.32617850836,4906.1824739223,4505.4176362260705,3816.9416090174605,3828.8424909313703,3984.19451352682
ARE,AE,United Arab Emirates,UAE,Asia,https://www.countryflags.io/AE/flat/64.png,1337.87616618206,883.5431257399671,453.207804842676,203.98616157879798,128.776809185392,97.8131586086013,73.0676884452219,56.15113189451671,43.1186017384845,24.3157625471766,16.4085133493101,16.279265371018
ARG,AR,Argentina,Argentina,South America,https://www.countryflags.io/AR/flat/64.png,13804.154596698401,12790.8220069947,11844.3161986235,10952.1638737774,10140.8086002947,9363.65168306027,8708.79420600342,8189.0368483942,7749.10952249058,7358.074522931551,6996.81556233634,6843.29556240406
ARM,AM,Armenia,Armenia,Europe,https://www.countryflags.io/AM/flat/64.png,,,,,,,1992.2638932014102,2189.2132652471696,2260.7283243319503,2338.86581886901,2378.10520593198,2355.0998951724696
ASM,AS,American Samoa,American Samoa,Oceania,https://www.countryflags.io/AS/flat/64.png,,,,,,,,,,,,
ATG,AG,Antigua and Barbuda,Antigua and Barbuda,Central America,https://www.countryflags.io/AG/flat/64.png,931.215415196719,849.104358191408,810.8150250261181,836.5642947923869,841.709966169734,842.5555357519,806.564191652061,725.2036148610961,664.154799157034,618.856068359793,575.163977037684,561.7856139668551
AUS,AU,Australia,Australia,Oceania,https://www.countryflags.io/AU/flat/64.png,45801.5267175573,41698.4490211035,37337.785535402596,34667.4182638106,32415.3379891949,30251.0467968937,28122.3206630466,26570.1787546579,25036.384176191,23622.5009122511,21642.1033925097,20957.8540111671
AUT,AT,Austria,Austria,Europe,https://www.countryflags.io/AT/flat/64.png,7714.032133011229,7455.607280902071,7290.367793753109,7267.028961092329,7261.550486259829,7261.122918137041,7014.67175991355,6902.57492399951,6805.28243345021,6630.1110471271895,6524.324877689671,6435.49133689259
AZE,AZ,Azerbaijan,Azerbaijan,Europe,https://www.countryflags.io/AZ/flat/64.png,,,,,,,1099.29558385261,1035.30762606449,993.0310391032739,945.660913847552,872.976394460112,851.0679355671831
BDI,BI,Burundi,Burundi,Africa,https://www.countryflags.io/BI/flat/64.png,3460.23022569575,3092.32274012993,2818.1908335401695,2609.97367973859,2296.94839218179,2001.13862002595,1769.3931913538897,1643.2189450403698,1500.5713656676098,1279.53779940358,1088.03948263831,1021.91146813226
BEL,BE,Belgium,Belgium,Europe,https://www.countryflags.io/BE/flat/64.png,1301.4368513557401,1252.48004094775,1235.69744565892,1220.7083404287,1217.49503845407,1215.7766472405801,1194.60540093048,1178.63777956429,1161.3519491598802,1129.33736130326,1080.40636244104,1070.56284931016
BEN,BJ,Benin,Benin,Africa,https://www.countryflags.io/BJ/flat/64.png,4115.2329141922,3765.5736632122102,3384.1870410607003,2999.90767274444,2622.3905304714103,2271.09210645557,1931.8043070983701,1639.6994478670301,1411.84972326375,1218.24390023505,1058.66352671861,1001.27910975983
BFA,BF,Burkina Faso,Burkina Faso,Africa,https://www.countryflags.io/BF/flat/64.png,2519.99566157547,2339.50131938516,2145.85901568932,1953.4500663001002,1746.2356398312197,1535.6127641607097,1344.5033958391198,1171.9981330538499,1016.83057975612,877.0685925876759,754.318655338289,710.79198888526
BGD,BD,Bangladesh,Bangladesh,Asia,https://www.countryflags.io/BD/flat/64.png,2068.87758484827,1778.62853815588,1575.96831433153,1429.27957340061,1251.01083164496,1097.5093926683,972.368941891454,873.8307852816,792.5839145955051,736.013761803067,695.328288556631,679.522951848738
BGR,BG,Bulgaria,Bulgaria,Europe,https://www.countryflags.io/BG/flat/64.png,2620.75895681813,2527.00708741254,2448.6369254448396,2385.2298390435503,2354.93145635578,2340.78248345652,2458.96917202058,2526.4470887389302,2679.5417371162803,2783.1755184459603,2874.39391351195,2907.0016935361305
BHR,BH,Bahrain,Bahrain,Asia,https://www.countryflags.io/BH/flat/64.png,23.1021577415331,20.401605606361198,17.4554340948266,13.1937000082461,10.3640367923306,8.909261399956788,7.6469261268701505,6.723468772008849,5.441096054389201,3.8613057584618105,3.0770579940812794,2.99384390846322
BHS,BS,"Bahamas, The","Bahamas, The",Central America,https://www.countryflags.io/BS/flat/64.png,5780.77644085853,4586.55484209147,3935.5469848087896,3551.4786835175896,3179.15924862842,2877.4494288262895,2631.2920771795602,2435.98577384308,2275.23890008451,2074.75643841382,1925.27723992255,1888.6607506617102
BIH,BA,Bosnia and Herzegovina,Bosnia and Herzegovina,Europe,https://www.countryflags.io/BA/flat/64.png,,,,,,,8385.14803683607,9501.963292978991,9443.02887678231,9434.498799559691,9847.51060479804,10194.9855604543
BLR,BY,Belarus,Belarus,Europe,https://www.countryflags.io/BY/flat/64.png,,,,,,,3328.11276429131,3360.6800434911497,3446.3366860107503,3556.1308585033294,3592.37339129029,3588.57570591242
BLZ,BZ,Belize,Belize,Central America,https://www.countryflags.io/BZ/flat/64.png,156699.25244393302,135413.33901253,120015.729453401,111395.80550263199,100726.072607261,87540.1560348784,78528.6428850785,68869.031501038,58160.364054913094,51032.5223643508,45147.9289940828,43184.6866987769
BMU,BM,Bermuda,Bermuda,Central America,https://www.countryflags.io/BM/flat/64.png,,,,,,,,,,,,
BOL,BO,Bolivia,Bolivia,South America,https://www.countryflags.io/BO/flat/64.png,79805.6266253658,72112.94003149691,64817.3261945289,58049.9945297205,52198.4849540232,47106.62129737691,42382.822318919905,38236.422794300095,34714.2235897961,31752.046542327702,29245.4688313646,28347.220669429702
BRA,BR,Brazil,Brazil,South America,https://www.countryflags.io/BR/flat/64.png,73986.1428306604,64303.375442180804,56689.7153770718,50353.393475381396,44751.5845942421,40179.8256222539,36697.9304597231,33855.825019987,31531.0136844934,29774.2955345662,28406.226155027998,27919.193735507
BRB,BB,Barbados,Barbados,Central America,https://www.countryflags.io/BB/flat/64.png,343.889302033675,338.039119577113,331.242365898598,321.366450146021,314.858982533198,310.05468589522496,304.31441765632303,298.299320996171,292.584803876749,287.04700394689604,281.98801550934104,280.874221012903
BRN,BN,Brunei Darussalam,Brunei Darussalam,Asia,https://www.countryflags.io/BN/flat/64.png,94992.23298800859,75590.4951622083,59849.882412584004,48650.938104559405,41249.120423167406,35779.9825730438,31034.130241116898,27247.2576436572,24511.0761227515,22668.7824196925,21303.845469424,20743.3944490676
BTN,BT,Bhutan,Bhutan,Asia,https://www.countryflags.io/BT/flat/64.png,405024.003001441,351920.93262751604,299847.235724115,255769.62426096,221479.295182942,192186.31147939,177730.88176967602,146816.528278495,131489.664263057,117315.10838111199,111177.15224000599,108475.556841192
BWA,BW,Botswana,Botswana,Africa,https://www.countryflags.io/BW/flat/64.png,4582.0939405626095,4108.94174205433,3597.7046644240995,2998.0175608878603,2492.5353758276,2078.09120395946,1760.1063104211498,1558.01158771118,1407.92025539673,1279.68673268784,1176.72958410944,1149.0873852229302
CAF,CF,Central African Republic,Central African Republic,Africa,https://www.countryflags.io/CF/flat/64.png,90855.7841627414,82538.0992353811,75490.6086470477,69120.3915449584,60376.828486558494,53271.0704084871,47647.433324006604,41563.053805584,37084.4958402242,33587.3425742197,31782.4189125679,31584.7833026259
CAN,CA,Canada,Canada,North America,https://www.countryflags.io/CA/flat/64.png,153110.56194262402,139623.750734862,128271.699081975,120122.180695539,113469.227265007,107764.321018039,100453.754897914,95298.76799090269,90879.8731023605,86655.0467823233,82098.9161157061,80423.42793715179
CHE,CH,Switzerland,Switzerland,Europe,https://www.countryflags.io/CH/flat/64.png,7248.17741528917,6742.56502861835,6452.68869482552,6431.918619035229,6321.08383431313,6172.5509105582105,5876.05252609171,5699.04580481107,5545.82976251906,5350.20183106685,5051.9822715438,4933.65877570281
CHL,CL,Chile,Chile,South America,https://www.countryflags.io/CL/flat/64.png,104401.410091452,95037.69022974961,87591.8997386495,81023.336643541,75358.20051769809,69999.629832466,64505.224157840596,59853.0253168152,56425.460468418,53538.388385618,50861.054667473,49834.0020943795
CHN,CN,China,China,Asia,https://www.countryflags.io/CN/flat/64.png,4225.18287096144,3728.04983102511,3263.2274978828996,2981.59424667843,2788.93152097399,2594.93466539365,2414.65445462115,2286.8524276975,2196.9696969697,2134.4806261547897,2082.63153413613,2061.9085664861104
CIV,CI,Cote d'Ivoire,Cote d'Ivoire,Africa,https://www.countryflags.io/CI/flat/64.png,20377.8224371388,16909.600973908502,13780.393892581102,10935.7494830994,8766.69668381786,7182.52071330918,5997.305271189571,5078.4291474868,4459.26507202868,4008.08774102579,3566.1265869124104,3392.8415546967894
CMR,CM,Cameroon,Cameroon,Africa,https://www.countryflags.io/CM/flat/64.png,50567.457636788204,45105.924572319804,39754.3212073431,34611.4641283236,29781.333016829398,25440.161385674302,21840.8753822853,19031.7522827123,16689.4878601399,14575.3278033935,12706.3821318293,12036.0510148684
COD,CD,"Congo, Dem. Rep.","Congo, Dem. Rep.",Africa,https://www.countryflags.io/CD/flat/64.png,56105.5632406324,48969.9311020275,42610.8864281155,37114.7336007519,32470.7057410481,28545.4132785904,24106.7679108062,20535.2021279945,18046.3191263753,15396.8057068363,13039.557511598701,12200.5035635841
COG,CG,"Congo, Rep.","Congo, Rep.",Africa,https://www.countryflags.io/CG/flat/64.png,207624.495201255,182035.70031675897,157836.137650175,136262.443922173,117779.693613635,102241.90711553,89158.3452211127,77425.29505315139,67061.6456625766,57273.7833900352,49221.785828471395,46865.361726705705
COL,CO,Colombia,Colombia,South America,https://www.countryflags.io/CO/flat/64.png,125490.568667094,108128.489916325,95263.7907660741,85238.9741201361,76329.578523013,68760.10905834139,62313.7686208139,56860.6556073354,52476.6020409362,49042.56565462019,46552.6634981629,45668.2163840571
COM,KM,Comoros,Comoros,Africa,https://www.countryflags.io/KM/flat/64.png,6085.25441434497,5558.2059963779,5015.988463226529,4349.40195723088,3670.33088032886,3185.9478460337605,2749.4684361023496,2390.6620739391897,2107.18920276252,1870.2658894672898,1657.7539368202301,1580.21569944297
CPV,CV,Cabo Verde,Cabo Verde,Africa,https://www.countryflags.io/CV/flat/64.png,1427.6060949262899,1211.9889951399198,1103.57816828096,1097.55428320559,1019.52734712187,934.186557055444,843.2722335751649,742.0985061557069,677.275816060919,631.499179051067,593.783091036844,578.849979450826
CRI,CR,Costa Rica,Costa Rica,Central America,https://www.countryflags.io/CR/flat/64.png,78837.1176312586,66598.6142773284,58122.519184289005,51232.876091248894,44781.66757418901,39170.133916795,34382.8730693865,30384.9286451629,27554.7589873016,25654.833961006498,24104.0955631399,23564.2687277547
CUB,CU,Cuba,Cuba,Central America,https://www.countryflags.io/CU/flat/64.png,5114.34834991159,4611.4502357743,4223.661256162511,3951.83898391709,3834.8877606217206,3705.7765103737,3550.5426546192894,3468.69241215345,3403.6774895932,3388.1065372857897,3386.30700746133,3371.39209307731
CUW,CW,Curacao,Curacao,Central America,https://www.countryflags.io/CW/flat/64.png,,,,,,,,,,,,
CYM,KY,Cayman Islands,Cayman Islands,Central America,https://www.countryflags.io/KY/flat/64.png,,,,,,,,,,,,
CYP,CY,Cyprus,Cyprus,Europe,https://www.countryflags.io/CY/flat/64.png,1350.20279007289,1319.1094996177999,1242.04217210883,1172.00706209384,1127.65323795507,1078.27741036473,974.2559120471741,875.2342373680141,798.391752408482,733.280499533239,687.1968184549349,676.9158671682791
CZE,CZ,Czech Republic,Czech Republic,Europe,https://www.countryflags.io/CZ/flat/64.png,,,,,,,,1276.1871913313198,1289.60560232133,1276.8443166542802,1251.09589816555,1249.36498530642
DEU,DE,Germany,Germany,Europe,https://www.countryflags.io/DE/flat/64.png,1445.4423069669901,1390.48917877137,1359.7929210756402,1368.9899517928698,1365.9568771754302,1374.6160067996,1327.13840011953,1304.32496727516,1297.15059051568,1300.65295695792,1330.4184652235401,1321.27311456179
DJI,DJ,Djibouti,Djibouti,Africa,https://www.countryflags.io/DJ/flat/64.png,3184.57814954779,2283.15714970661,1673.88296210329,1081.16289881396,778.6726745589469,611.832847266127,487.762050161449,453.951878074578,401.63761041687303,372.46213612001196,345.567975524572,333.816997071312
DMA,DM,Dominica,Dominica,Central America,https://www.countryflags.io/DM/flat/64.png,3226.7432480397497,2954.8207901190804,2788.1947832875603,2723.31154684096,2666.5600042665,2783.88686283789,2835.1100022680894,2832.90131588266,2863.8114466543498,2825.05826682675,2818.2907066864,2813.5330941830202
DNK,DK,Denmark,Denmark,Europe,https://www.countryflags.io/DK/flat/64.png,1290.95362098505,1240.8605450604,1202.02035581405,1179.1481794246902,1172.37646571483,1170.26953647964,1160.23413524849,1135.29048583053,1116.0857533327699,1098.61175756275,1073.0435018989301,1063.17472833671
DOM,DO,Dominican Republic,Dominican Republic,Central America,https://www.countryflags.io/DO/flat/64.png,6674.206152879649,5699.606023828721,4941.68911980947,4345.81599630143,3872.92201253508,3491.8624004132002,3172.0997761712397,2906.8303958472197,2693.41745964888,2516.36682460527,2366.348867692,2311.8139200317
DZA,DZ,Algeria,Algeria,Africa,https://www.countryflags.io/DZ/flat/64.png,968.172678631732,847.45596731788,735.9680334737891,639.8260492123491,550.044194217525,473.200370618943,416.229995153973,378.24052526816496,353.161560363834,329.26535017501703,300.931789142205,289.027090367878
ECU,EC,Ecuador,Ecuador,South America,https://www.countryflags.io/EC/flat/64.png,91990.3326976768,79568.1735938699,68809.1338214779,59915.565641402594,52607.8148052708,46459.071070616905,41283.5642422744,37016.4227744043,33659.312821999396,30944.5134237565,28589.704268460897,27733.4812452333
EGY,EG,"Egypt, Arab Rep.",Egypt,Africa,https://www.countryflags.io/EG/flat/64.png,64.0290128262918,56.150841124002596,49.857823491616,44.6322425948849,39.526302734236396,34.620910645353,30.6817411288092,27.7382806919838,25.1800925684552,23.008450518141398,20.8279720590441,19.9060756151746
ERI,ER,Eritrea,Eritrea,Africa,https://www.countryflags.io/ER/flat/64.png,,,,,,,,1275.5224061454699,1128.5508037297,934.412268032154,,
ESP,ES,Spain,Spain,Europe,https://www.countryflags.io/ES/flat/64.png,3584.39506531948,3402.38595987076,3213.4577762196004,3045.6042536355103,2927.3933783836,2874.51290642078,2839.8001567253004,2776.0171787532104,2683.9444464048397,2458.71900341928,2377.4371804450197,2392.38145265832
EST,EE,Estonia,Estonia,Europe,https://www.countryflags.io/EE/flat/64.png,,,,,,,8290.44068486476,9081.58781309506,9214.485083553851,9480.26374675538,9609.161893587041,9668.74469873607
ETH,ET,Ethiopia,Ethiopia,Africa,https://www.countryflags.io/ET/flat/64.png,,,,,,,,2009.9693491206897,1739.32653362159,1512.2526927642498,1315.69055566368,1243.70180993172
FIN,FI,Finland,Finland,Europe,https://www.countryflags.io/FI/flat/64.png,23823.0786854024,23231.8600425903,23062.0496299619,22579.0700039798,22167.285106298397,21694.5116737762,21221.7710777804,20817.7888978926,20574.5570028677,20231.7384924897,19763.6817781255,19591.6442186706
FJI,FJ,Fiji,Fiji,Oceania,https://www.countryflags.io/FJ/flat/64.png,67707.7775010968,58506.3762728467,52593.37857653401,47718.8548811959,42721.613694858395,39554.8246495138,38349.4813081539,36014.5117668429,35019.631846154,34142.9579401811,33003.147725788396,32950.4312409329
FRA,FR,France,France,Europe,https://www.countryflags.io/FR/flat/64.png,4174.940267563989,3938.88473708555,3788.3711326271205,3671.9008266587102,3589.44418408012,3490.23918836023,3398.4004103092702,3335.28720016331,3235.9701641609304,3124.20796446526,3046.00337780453,3015.8588939940696
FRO,FO,Faroe Islands,Faroe Islands,Europe,https://www.countryflags.io/FO/flat/64.png,,,,,,,,,,,,
FSM,FM,"Micronesia, Fed. Sts.","Micronesia, Fed. Sts.",Oceania,https://www.countryflags.io/FM/flat/64.png,,,,,,,,,,,,
GAB,GA,Gabon,Gabon,Africa,https://www.countryflags.io/GA/flat/64.png,320759.182220553,295997.357682124,268103.52719616,242512.07015105302,214679.35543832602,187671.57931355698,163578.13199757802,143691.001263429,127298.059868899,111369.539751795,93731.3180337913,87058.0741055314
GBR,GB,United Kingdom,United Kingdom,Europe,https://www.countryflags.io/GB/flat/64.png,2723.00469483568,2639.06988257049,2585.3124122721,2580.36998305782,2574.8645874274,2552.72476961659,2518.2179172698397,2486.4124419118302,2442.2912269244102,2364.5495126312803,2276.28441310323,2244.12488106138
GEO,GE,Georgia,Georgia,Europe,https://www.countryflags.io/GE/flat/64.png,,,,,,,11927.7726479943,13363.485660517801,14610.979222147,15058.96908883,15589.156404855701,15628.8060431025
GHA,GH,Ghana,Ghana,Africa,https://www.countryflags.io/GH/flat/64.png,4284.51983188279,3725.65276694886,3282.90480952055,2914.7361750119203,2594.88389949903,2235.82888485784,1935.6896191329397,1691.8881779173998,1496.56375625846,1319.45964339056,1165.54380177077,1112.96924326026
GIB,GI,Gibraltar,Gibraltar,Europe,https://www.countryflags.io/GI/flat/64.png,,,,,,,,,,,,
GIN,GN,Guinea,Guinea,Africa,https://www.countryflags.io/GN/flat/64.png,62579.106497732595,57345.0801093007,52674.0960449212,48823.9372098243,44513.7580996328,38956.610954116404,33650.792327262,29495.9263645944,26321.6925453939,23744.0800020004,21216.6151631769,20267.2824094248
GMB,GM,"Gambia, The","Gambia, The",Africa,https://www.countryflags.io/GM/flat/64.png,7896.93967264553,7031.8707823425,6092.28594753323,5201.49733770028,4424.0414208251395,3610.0083872528203,2919.7790700503697,2498.90464679649,2136.35499383662,1829.4378503373498,1574.79405630729,1482.18268197992
GNB,GW,Guinea-Bissau,Guinea-Bissau,Africa,https://www.countryflags.io/GW/flat/64.png,25441.9343502687,23907.8233869317,21842.3175791067,20732.4515994439,19743.214812346898,17529.367167933502,15680.8938109472,14127.910570326101,12754.5631442549,11335.113418436398,9968.97778724831,9453.81192468384
GNQ,GQ,Equatorial Guinea,Equatorial Guinea,Africa,https://www.countryflags.io/GQ/flat/64.png,99153.7607877385,89105.17838171289,89809.707047644,107368.80358116301,91346.66057688929,67888.48532955941,58130.9556281944,48465.8688439026,39490.631607086405,31642.2189957977,25213.5637335857,23167.206640790697
GRC,GR,Greece,Greece,Europe,https://www.countryflags.io/GR/flat/64.png,6865.340953546141,6678.88211174276,6525.191514370949,6230.87832072243,5924.70738840635,5799.65492053223,5577.426654195029,5440.2580408186295,5320.1140118778,5249.59421994334,5251.239677352971,5324.80727640423
GRD,GD,Grenada,Grenada,Central America,https://www.countryflags.io/GD/flat/64.png,2162.53622248173,2104.8200378867605,2128.04443356777,2216.63138528378,2147.7201950129897,2011.3439800474698,2058.35434570061,1969.1435210255302,1929.8685759499801,1901.3214183857801,1861.4001451892102,1836.5135626526603
GRL,GL,Greenland,Greenland,Europe,https://www.countryflags.io/GL/flat/64.png,,,,,,,,,10652016.463813199,10662187.2513482,,
GTM,GT,Guatemala,Guatemala,Central America,https://www.countryflags.io/GT/flat/64.png,24461.0011672736,21160.2932909662,18378.9899196626,16140.675744466498,14265.5234565311,12640.1938718673,11247.824596561499,10029.7273034711,8944.332831402271,7970.612672237679,7150.912677795459,6857.8994869324
GUM,GU,Guam,Guam,Oceania,https://www.countryflags.io/GU/flat/64.png,,,,,,,,,,,,
GUY,GY,Guyana,Guyana,South America,https://www.countryflags.io/GY/flat/64.png,397502.8245792,356576.920743751,333819.05622011604,316097.07984008896,308481.57942568697,318173.656805484,321933.417223037,317954.536459227,323581.578138238,322851.164273638,319036.694515084,315701.22350598697
HKG,HK,"Hong Kong SAR, China",Hong Kong,Asia,https://www.countryflags.io/HK/flat/64.png,,,,,,,,,,,,
HND,HN,Honduras,Honduras,Central America,https://www.countryflags.io/HN/flat/64.png,42056.9787168307,36462.13524291,31456.0879465864,27039.884276692002,23182.906122783,19959.4294764624,17286.0945896011,14995.7846065443,13083.6387409054,11610.3977733035,10492.2164211172,10123.2872567064
HRV,HR,Croatia,Croatia,Europe,https://www.countryflags.io/HR/flat/64.png,,,,,,,8238.96404970652,8313.26682719872,8763.01144491134,8746.6593909309,8834.092002967509,8894.88907223948
HTI,HT,Haiti,Haiti,Central America,https://www.countryflags.io/HT/flat/64.png,3236.9843248847496,2939.9116851433696,2689.49908751353,2457.2117464920498,2201.26908831082,1965.6297327710502,1777.4455143272896,1620.02787792785,1486.15228206051,1370.14750833252,1269.1531402516698,1233.2913199042
HUN,HU,Hungary,Hungary,Europe,https://www.countryflags.io/HU/flat/64.png,596.318686222474,587.2792955467389,577.006909369236,563.4844601786,560.457744521876,565.358185976648,578.628863685744,583.062840763789,590.632102351031,596.6717648954129,604.816638747659,608.1203526935881
IDN,ID,Indonesia,Indonesia,Asia,https://www.countryflags.io/ID/flat/64.png,21822.6915070073,19071.3560691039,16683.5631470056,14707.3758866839,13070.6489811572,11758.6925494029,10754.2468382275,9954.323214833628,9288.83189387187,8688.57045667862,8126.3046537608,7913.643562062429
IMN,IM,Isle of Man,Isle of Man,Europe,https://www.countryflags.io/IM/flat/64.png,,,,,,,,,,,,
IND,IN,India,India,Asia,https://www.countryflags.io/IN/flat/64.png,3082.6482950492605,2778.62874617572,2488.4386726251,2216.40182228327,1974.7637106451398,1764.09854072915,1590.22197624834,1444.69972690479,1322.5805050431698,1222.09975006015,1142.37609440084,1116.08160722025
IRL,IE,Ireland,Ireland,Europe,https://www.countryflags.io/IE/flat/64.png,17277.5515241269,16882.2891005874,16135.1400299653,14929.0110291877,14057.0313844742,13841.5850366251,13770.1177204554,13336.3417217108,12462.0194524494,11139.042069661298,10653.2554500642,10520.123493368
IRN,IR,"Iran, Islamic Rep.",Iran,Asia,https://www.countryflags.io/IR/flat/64.png,5569.68686006844,4882.6301212378,4272.609510722371,3692.20566763627,3069.07916829435,2510.0704612915697,2186.1039663411398,2035.2788423878799,1909.7925183573398,1801.32253521077,1701.08862523471,1658.79753340809
IRQ,IQ,Iraq,Iraq,Asia,https://www.countryflags.io/IQ/flat/64.png,4586.785367112229,3934.1020032179204,3320.85872878283,2824.5708778718104,2438.94530027713,2165.21181246067,1912.7592671828,1641.82366683219,1411.84479221194,1261.14031160484,1103.79391214384,1022.9004452552
ISL,IS,Iceland,Iceland,Europe,https://www.countryflags.io/IS/flat/64.png,932129.971816776,855341.608344109,812864.294696778,766459.72254158,726930.6422646029,691453.231323645,651198.78034299,627010.120681007,591257.047262306,545630.7812790871,530063.981840632,519264.721154845
ISR,IL,Israel,Israel,Asia,https://www.countryflags.io/IL/flat/64.png,327.082424771042,273.224043715847,238.246505717916,207.58372543592603,186.05805011163503,171.66399633783502,146.398594573492,128.512679917752,114.155251141553,104.455369702372,94.81069464635608,91.28863030539091
ITA,IT,Italy,Italy,Europe,https://www.countryflags.io/IT/flat/64.png,3586.9098427754207,3449.8728745475,3355.9302367383502,3261.5255028686997,3227.60078656543,3224.2716242313395,3213.1929582937896,3207.9241809141304,3198.4433237683197,3122.9513652944397,3065.18084390626,3002.18098166877
JAM,JM,Jamaica,Jamaica,Central America,https://www.countryflags.io/JM/flat/64.png,6453.918011382039,6000.047689843011,5591.442302723371,5199.84563859343,4843.20677583428,4555.0357351394105,4396.49921639106,4187.44262584387,4018.0552538300603,3908.6389952847103,3807.0012230255297,3763.3002404060203
JOR,JO,Jordan,Jordan,Asia,https://www.countryflags.io/JO/flat/64.png,674.8078974292,494.561993563442,362.00824338419295,312.93547701782603,266.03899148597196,217.76641901324402,171.457073383627,140.660870971288,128.255614568183,109.027893235794,84.29252125110871,76.4569791040386
JPN,JP,Japan,Japan,Asia,https://www.countryflags.io/JP/flat/64.png,4487.01894982887,4269.04939190866,4011.64309437624,3776.46821179839,3630.25437107954,3521.9631258651293,3461.34960435969,3411.15527102819,3374.0044725175603,3359.34875508785,3369.1402424213898,3378.48455325435
KAZ,KZ,Kazakhstan,Kazakhstan,Asia,https://www.countryflags.io/KZ/flat/64.png,,,,,,,3914.4490618248706,4196.63795496756,4330.72381705623,4155.85133534898,3832.1616804198707,3722.17371474383
KEN,KE,Kenya,Kenya,Africa,https://www.countryflags.io/KE/flat/64.png,2393.8907907021303,2031.906228411,1704.25523716811,1414.04163840291,1167.0962746174198,968.0989417696441,817.3393448444721,703.70682499413,613.3017323937,534.801745634235,466.811190208421,443.254998326445
KGZ,KG,Kyrgyz Republic,Kyrgyz Republic,Asia,https://www.countryflags.io/KG/flat/64.png,,,,,,,10836.249280241,10418.6185163104,9804.23587873445,9287.4497000987,8726.28049650449,8384.885613914828
KHM,KH,Cambodia,Cambodia,Asia,https://www.countryflags.io/KH/flat/64.png,20005.2053345224,18037.7986108203,16515.7719459482,16759.212911764498,17428.2468527635,14710.7579553364,12531.3166018436,10673.8888003823,9542.855293519158,8815.813962056329,8159.424602248349,7895.5105773327
KIR,KI,Kiribati,Kiribati,Oceania,https://www.countryflags.io/KI/flat/64.png,,,,,,,,,,,,
KNA,KN,St. Kitts and Nevis,St. Kitts and Nevis,Central America,https://www.countryflags.io/KN/flat/64.png,470.92989031257997,506.532154239041,541.516245487365,546.17450275363,561.692566935031,584.781072585951,589.724058284394,560.041069678443,531.38492195284,502.323245008163,481.087257201275,472.68286918501605
KOR,KR,"Korea, Rep.",South Korea,Asia,https://www.countryflags.io/KR/flat/64.png,2445.96713389605,2152.2696421819396,1935.50855644012,1781.0162888152,1649.0215009009698,1558.0818558785097,1482.3547666060401,1411.20670032672,1361.1157379484698,1332.06971919395,1291.83645219041,1277.91664077826
KWT,KW,Kuwait,Kuwait,Asia,https://www.countryflags.io/KW/flat/64.png,0.0,0.0,0.0,0.0,0.0,0.0,,0.0,0.0,0.0,0.0,0.0
LAO,LA,Lao PDR,Lao PDR,Asia,https://www.countryflags.io/LA/flat/64.png,85722.3253981654,76253.9448600676,67022.40639303639,60717.3448152043,55980.39039853981,48751.3858554409,42307.811101845204,37700.6186742807,34660.7452133038,32027.1935095143,29544.435358358198,28675.7525427139
LBN,LB,Lebanon,Lebanon,Asia,https://www.countryflags.io/LB/flat/64.png,2493.12184042254,2207.16242600258,1985.2463111642,1844.9191694788897,1841.80506105008,1799.12742319975,1560.40117914316,1312.04037585583,1147.71992286366,1006.8499357294099,866.6396804699499,766.478081122124
LBR,LR,Liberia,Liberia,Africa,https://www.countryflags.io/LR/flat/64.png,171431.314329601,153487.818822979,135633.03668127698,118193.53008616301,100528.62979980199,92880.0046068482,99918.8658809047,85977.0561627924,66121.6261027021,57771.560274079806,48359.886538034196,45876.7681193163
LBY,LY,Libya,Libya,Africa,https://www.countryflags.io/LY/flat/64.png,451.376149155314,372.562972456419,300.75317187184504,244.27378624717602,201.123186802641,170.327698325314,150.50898914937702,136.77198956547,126.557356064963,117.15898826184099,111.363003619298,110.027653092869
LCA,LC,St. Lucia,St. Lucia,Central America,https://www.countryflags.io/LC/flat/64.png,3264.7375695117,3019.1717405525105,2821.93584799172,2662.28868083596,2479.58475220683,2292.59644189032,2116.25282167043,1987.9003134256197,1882.15217827745,1789.5597086596802,1698.31187799327,1682.59523489029
LIE,LI,Liechtenstein,Liechtenstein,Europe,https://www.countryflags.io/LI/flat/64.png,,,,,,,,,,,,
LKA,LK,Sri Lanka,Sri Lanka,Asia,https://www.countryflags.io/LK/flat/64.png,5100.37548616576,4529.21472166346,4060.8415586525102,3699.1640799958204,3406.1863698742895,3172.32349624656,2976.85814160271,2858.55047669578,2769.838681028,2661.01617353535,2585.0673194614396,2541.14929252094
LSO,LS,Lesotho,Lesotho,Africa,https://www.countryflags.io/LS/flat/64.png,6017.470223302221,5435.04805808747,4855.65340104633,4257.09950705555,3695.1546842621,3276.1335860696004,2934.4352895300103,2657.4609104267997,2576.57172106616,2632.21203449355,2595.54637988278,2559.4133804957
LTU,LT,Lithuania,Lithuania,Europe,https://www.countryflags.io/LT/flat/64.png,,,,,,,4178.249643119099,4324.30980966604,4490.182735334521,4784.460962078971,5174.42255485942,5272.19137304437
LUX,LU,Luxembourg,Luxembourg,Europe,https://www.countryflags.io/LU/flat/64.png,3117.69290724864,2985.1191808833,2885.17022504328,2767.33876100709,2735.7909855687,2697.23533378287,2549.88206795436,2384.07438312075,2241.27304308847,2083.36371572085,1883.4307067008701,1797.52983450143
LVA,LV,Latvia,Latvia,Europe,https://www.countryflags.io/LV/flat/64.png,,,,,,,6479.65182772847,6963.0240405187205,7332.784168112091,7698.86266801495,8327.11093982802,8496.41535533975
MAC,MO,"Macao SAR, China",Macao,Asia,https://www.countryflags.io/MO/flat/64.png,,,,,,,,,,,,
MAF,MF,St. Martin (French part),St. Martin (French part),Central America,https://www.countryflags.io/MF/flat/64.png,,,,,,,,,,,,
MAR,MA,Morocco,Morocco,Africa,https://www.countryflags.io/MA/flat/64.png,2214.60466099443,1939.27643991108,1736.85029147043,1557.4573123775501,1382.0047446605702,1236.81871120761,1127.90409050365,1044.8729328224902,984.560462333297,930.570667969722,872.393026415038,848.143006971706
MCO,MC,Monaco,Monaco,Europe,https://www.countryflags.io/MC/flat/64.png,,,,,,,,,,,,
MDA,MD,Moldova,Moldova,Europe,https://www.countryflags.io/MD/flat/64.png,,,,,,,437.12898003238,443.324517925635,447.135599666801,452.90488158773906,455.117671797791,455.517199007872
MDG,MG,Madagascar,Madagascar,Africa,https://www.countryflags.io/MG/flat/64.png,62961.1977798051,55486.7139780088,48512.8019094178,42134.6699067436,36495.0500474923,31649.8671926493,27395.3983534797,23487.8330933671,20101.2614466096,17341.162413622198,15080.566247070401,14285.7827169753
MDV,MV,Maldives,Maldives,Asia,https://www.countryflags.io/MV/flat/64.png,316.105579263474,279.12689108468703,243.20249039350202,207.424411087526,176.625395199322,147.76287014598998,126.97606501174499,113.704414005352,101.976300707716,89.5070844857371,75.5216659072543,68.9631392020965
MEX,MX,Mexico,Mexico,Central America,https://www.countryflags.io/MX/flat/64.png,10175.3141951679,8710.24338251505,7478.5230622749095,6505.4975510301,5755.8084339734305,5164.1361326385495,4697.09275683261,4322.96446876231,4022.23507283166,3746.43326271414,3487.5544402771397,3398.2764739363697
MHL,MH,Marshall Islands,Marshall Islands,Oceania,https://www.countryflags.io/MH/flat/64.png,,,,,,,,,,,,
MKD,MK,North Macedonia,North Macedonia,Europe,https://www.countryflags.io/MK/flat/64.png,,,,,,,2715.3976624448896,2700.54280910463,2635.52452794827,2614.47275283646,2603.3154668757,2598.9339557940602
MLI,ML,Mali,Mali,Africa,https://www.countryflags.io/ML/flat/64.png,11149.5812960571,10514.8803958642,9760.1317487651,8938.8577659381,8120.54351339105,7442.11984318461,6779.405161432329,5943.908524040339,5164.89486383056,4395.13300551501,3754.8110863801203,3543.1215609576398
MLT,MT,Malta,Malta,Europe,https://www.countryflags.io/MT/flat/64.png,155.912318616857,162.092761996469,166.969747065631,164.51119001856898,154.956458769308,146.595642771093,137.3708577926,131.925776729338,127.53523634425899,124.162822946273,120.23007989943501,116.21003410361799
MMR,MM,Myanmar,Myanmar,Asia,https://www.countryflags.io/MM/flat/64.png,44189.563623433205,39472.555357996,35106.6361447775,31317.5782912917,28068.292534405096,25454.0522000942,23654.720883255497,22275.408306790698,21026.296685742,20213.0226882615,19508.419721141203,19184.8607080606
MNE,ME,Montenegro,Montenegro,Europe,https://www.countryflags.io/ME/flat/64.png,,,,,,,,,,,,
MNG,MN,Mongolia,Mongolia,Asia,https://www.countryflags.io/MN/flat/64.png,34410.3373399623,29662.6891955359,25651.0426264309,22276.1487099357,19575.5591269076,17114.6643165151,15511.512171856899,14898.956816144299,14243.2010202716,13416.505385878701,12319.8967394402,11836.299891024399
MNP,MP,Northern Mariana Islands,Northern Mariana Islands,Oceania,https://www.countryflags.io/MP/flat/64.png,,,,,,,,,,,,
MOZ,MZ,Mozambique,Mozambique,Africa,https://www.countryflags.io/MZ/flat/64.png,13360.323940568302,11915.3659751794,10617.9813343722,9340.195723196079,8228.17458234015,7844.30332693093,7264.956738739909,6116.90434875308,5345.297989704311,4627.81052977772,4034.1640198582204,3815.6957331505605
MRT,MR,Mauritania,Mauritania,Africa,https://www.countryflags.io/MR/flat/64.png,443.6134086588901,381.91845277196404,328.556666989747,283.458763836331,244.85018841222,212.79278291997397,186.685148496368,164.36804800204501,143.98334976543302,124.90175696178999,107.91694927417801,101.757970701845
MUS,MU,Mauritius,Mauritius,Africa,https://www.countryflags.io/MU/flat/64.png,3928.0415906926396,3509.3000917188897,3228.67239479234,2985.74202364065,2771.72976692685,2655.19524516399,2536.79084431518,2395.74878688547,2283.70582946836,2219.21057089615,2190.49241887375,2181.71609299139
MWI,MW,Malawi,Malawi,Africa,https://www.countryflags.io/MW/flat/64.png,4204.1727586797,3709.9593329612603,3254.98447227203,2822.68846910774,2458.1231909606895,1982.5218709994897,1666.32717229338,1572.34756947604,1377.8780064034602,1209.7312762605,1048.32389960902,990.819875822153
MYS,MY,Malaysia,Malaysia,Asia,https://www.countryflags.io/MY/flat/64.png,66725.4003581543,57732.5539438551,51217.3978082663,45346.821875807305,40079.5759249174,35104.7088730178,30522.0491282903,26898.1852211817,23958.6348386392,21706.2862527727,19953.1040132263,19419.7128634738
NAM,NA,Namibia,Namibia,Africa,https://www.countryflags.io/NA/flat/64.png,9261.556272223599,8173.1432635254905,7088.950213934391,6203.698854732739,5574.136008918621,4787.07985797294,4060.7584389284298,3627.72904161995,3326.9908070275105,3070.00100672111,2806.65432224766,2709.56220336672
NCL,NC,New Caledonia,New Caledonia,Oceania,https://www.countryflags.io/NC/flat/64.png,,,,,,,,,,,,
NER,NE,Niger,Niger,Africa,https://www.countryflags.io/NE/flat/64.png,975.4118188699271,844.473955458101,734.025456422272,637.3889053901789,551.743881120948,477.558632943386,408.555383184094,343.872163656426,287.120991062908,238.33196496738,196.682350866591,181.911197502183
NGA,NG,Nigeria,Nigeria,Africa,https://www.countryflags.io/NG/flat/64.png,4699.14600144564,4222.21191824201,3767.10059119956,3288.53740260424,2854.2813432315197,2509.99363620075,2206.43197884701,1947.8631425715198,1718.5594372257501,1510.1820058370001,1321.54296156474,1252.79965292574
NIC,NI,Nicaragua,Nicaragua,Central America,https://www.countryflags.io/NI/flat/64.png,82758.25529491241,71087.30813936019,61046.6490978423,52319.737235675595,45208.23137121309,39952.2108126234,35788.6517438834,32355.2130110213,29927.224347655498,27942.4799934884,26109.3725292627,25428.4208673892
NLD,NL,Netherlands,Netherlands,Europe,https://www.countryflags.io/NL/flat/64.png,931.754173771645,873.140538081588,825.293412440458,793.869308182591,768.5487493965151,750.083344487982,724.438866118824,704.6471479406689,681.159722728362,671.481145786126,656.521930637623,652.2380540821559
NOR,NO,Norway,Norway,Europe,https://www.countryflags.io/NO/flat/64.png,104976.259426566,100936.996553609,97126.7763775475,94479.5032653551,92835.91106902981,91236.8443993833,89119.0534903291,86716.5460845096,84175.1027233731,81118.6215440441,76117.2548451522,74359.1101200024
NPL,NP,Nepal,Nepal,Asia,https://www.countryflags.io/NP/flat/64.png,18997.1480315859,17411.9805495351,15751.235383219098,14128.3452528475,12600.5829454352,11246.224046231398,9940.65698614527,8775.823535988291,8015.974680844291,7512.53260626775,7343.49808828218,7366.133165862199
NRU,NR,Nauru,Nauru,Oceania,https://www.countryflags.io/NR/flat/64.png,,,,,,,,,,,,
NZL,NZ,New Zealand,New Zealand,Oceania,https://www.countryflags.io/NZ/flat/64.png,131748.58984689802,120039.646121655,112607.183442956,104800.97429651901,103608.884382624,99865.6242365013,92589.9708355749,86478.1953296485,82816.2593389895,77418.438373029,74181.6201991788,72510.366543229
OMN,OM,Oman,Oman,Asia,https://www.countryflags.io/OM/flat/64.png,2418.70139921876,2120.84579330237,1803.2406811097699,1431.7797840876099,1085.17794205305,864.270620416665,705.903114797494,622.288046468915,599.608198871195,526.8787177879519,400.22538406628405,347.630895447525
PAK,PK,Pakistan,Pakistan,Asia,https://www.countryflags.io/PK/flat/64.png,1165.28193742233,1025.05248781264,896.0283413438541,775.1045549103729,659.22260515065,559.5927914477539,482.83255491654097,419.663345911305,367.77071435114897,327.755325048215,293.67560245881197,281.608182407348
PAN,PA,Panama,Panama,Central America,https://www.countryflags.io/PA/flat/64.png,113601.491622514,98003.6948684376,84961.0273940226,74328.0008706061,65870.7842818614,58923.4013037342,53028.8972551529,47864.107980867004,43376.260801197,39552.0713442927,36227.4254871342,35013.835078685
PER,PE,Peru,Peru,South America,https://www.countryflags.io/PE/flat/64.png,152658.746025151,132478.891575513,115384.93179667699,100932.93151242401,89056.93266975699,79308.7601189351,71450.9080012738,65090.75380487389,60551.342667907695,57918.22215269999,55614.3216943844,54535.7401684706
PHL,PH,Philippines,Philippines,Asia,https://www.countryflags.io/PH/flat/64.png,17060.0212505893,14592.994972454298,12630.725370692,10978.8323528174,9575.487455781591,8364.79065076954,7366.9508679437,6558.8689847982705,5887.0335051355705,5357.6133060834,4927.34288313419,4765.54617168554
PLW,PW,Palau,Palau,Oceania,https://www.countryflags.io/PW/flat/64.png,,,,,,,,,,,,
PNG,PG,Papua New Guinea,Papua New Guinea,Oceania,https://www.countryflags.io/PG/flat/64.png,342256.207613214,308454.186273981,274490.008872093,242533.760184677,212552.371869529,186601.804096993,165625.322436938,147063.116515298,131341.16712614198,117646.816911884,104966.55616130099,100796.16385655901
POL,PL,Poland,Poland,Europe,https://www.countryflags.io/PL/flat/64.png,1768.48078921755,1675.67262546482,1621.5079721620998,1545.15618040852,1479.41728954689,1422.9567794134302,1397.1552823665197,1386.81685686239,1402.02693335591,1406.06538833637,1408.1856148374802,1410.0908574681
PRI,PR,Puerto Rico,Puerto Rico,Central America,https://www.countryflags.io/PR/flat/64.png,2897.57835908913,2683.62617616532,2520.18275939425,2298.70916148917,2166.3163438194197,2062.84410999898,1980.37697451952,1888.58417366462,1856.8397476685502,1876.8198213320397,1953.50761923,2008.55815511387
PRK,KP,"Korea, Dem. Peopleâ€™s Rep.",North Korea,Asia,https://www.countryflags.io/KP/flat/64.png,5643.6679056904295,5067.04609514521,4405.64235218955,3988.9077406123997,3720.4521137832003,3447.92343922026,3200.0146723060802,2999.7402762187703,2870.6756752182696,2769.93067442313,2701.54623603643,2673.8232543765303
PRT,PT,Portugal,Portugal,Europe,https://www.countryflags.io/PT/flat/64.png,4225.04596127301,4281.9217264708395,4403.02510998873,4018.75064445426,3833.8254586390294,3788.6223881062797,3818.13844851351,3759.0351625095204,3646.96216209576,3604.2995119778498,3613.93854250239,3653.47307803761
PRY,PY,Paraguay,Paraguay,South America,https://www.countryflags.io/PY/flat/64.png,58305.550987456794,51073.90525048481,45049.3116696199,39854.045628454,34730.7461796921,30063.7196684049,26321.6150403058,23408.895380244503,21149.819901149,19505.113590613,18220.0079981163,17728.5459592098
PSE,PS,West Bank and Gaza,West Bank and Gaza,Asia,https://www.countryflags.io/PS/flat/64.png,,,,,,,375.30198637358,300.016478737625,264.033013231241,232.365411206652,204.020203025228,194.565675260303
PYF,PF,French Polynesia,French Polynesia,Oceania,https://www.countryflags.io/PF/flat/64.png,,,,,,,,,40165.159134360496,38063.1925122088,,
QAT,QA,Qatar,Qatar,Asia,https://www.countryflags.io/QA/flat/64.png,995.343215669546,648.884151004612,429.11877394636,307.155629175397,202.00125529351502,132.654898282119,113.041108610301,104.610131117591,87.3814888557394,45.9606347163654,25.500051455461,22.7716515709593
ROU,RO,Romania,Romania,Europe,https://www.countryflags.io/RO/flat/64.png,2269.15570595212,2169.52364980428,2051.50974029039,1947.9597810195398,1882.2681677851501,1846.6689586625898,1859.2380440640302,1879.0476784184198,1950.2546099269898,2029.4036550910198,2112.86898243023,2128.6877644504
RUS,RU,Russian Federation,Russia,Europe,https://www.countryflags.io/RU/flat/64.png,,,,,,,29000.1277834944,29151.8172625636,29675.296511750097,30195.0025758186,30111.379422682203,29981.991475352203
RWA,RW,Rwanda,Rwanda,Africa,https://www.countryflags.io/RW/flat/64.png,3111.7586480686105,2777.0510348899898,2382.61005652053,2040.6484278522303,1725.7534367017302,1401.1834542948002,1417.43571257627,1479.77359775486,1127.32079752606,1024.396045745,900.501418147549,857.119528024876
SAU,SA,Saudi Arabia,Saudi Arabia,Asia,https://www.countryflags.io/SA/flat/64.png,550.107202141017,461.97067063704804,375.412367021901,292.408455136684,218.403139981944,166.139738334066,138.86726320571302,123.665813338203,110.064918581999,95.2963432370985,82.3181137545096,77.6272104590763
SDN,SD,Sudan,Sudan,Africa,https://www.countryflags.io/SD/flat/64.png,0.0,0.0,0.0,0.0,0.0,0.0,0.0,0.0,0.0,0.0,106.065853106218,101.651134627423
SEN,SN,Senegal,Senegal,Africa,https://www.countryflags.io/SN/flat/64.png,7617.796826862829,6615.98853638948,5704.313588669909,4979.239658524521,4365.67503234914,3752.3157460258203,3228.99749890364,2825.5774335805895,2508.8248887875898,2207.56596172868,1925.0871008643398,1820.14036104107
SGP,SG,Singapore,Singapore,Asia,https://www.countryflags.io/SG/flat/64.png,342.817963661296,303.398058252427,278.758595056681,258.031221777835,226.717441297187,216.232657690369,185.71838036238603,158.059534704342,143.679881224632,130.758865614537,112.942515835952,109.694748766117
SLB,SB,Solomon Islands,Solomon Islands,Oceania,https://www.countryflags.io/SB/flat/64.png,357485.60460652603,307603.377443795,259052.34364133698,215017.55736206603,181377.74044723602,155819.709275979,135456.59782724,117631.88850497,102656.671994709,90829.28970276269,80386.4303389538,76139.6677448861
SLE,SL,Sierra Leone,Sierra Leone,Africa,https://www.countryflags.io/SL/flat/64.png,66980.1056527442,61614.1758815159,56044.544203733094,50465.098968367194,45195.5697042797,39622.1630531254,36800.8640842887,36906.3186154779,32220.6080592601,26712.821970895402,23835.839001421402,22801.2992180294
SLV,SV,El Salvador,El Salvador,Central America,https://www.countryflags.io/SV/flat/64.png,5332.30167112902,4614.18150826169,4041.5699909161604,3602.66251280985,3299.3776778418396,3084.3386047304602,2885.72154947185,2720.01871122277,2621.5436883694,2559.85692316007,2505.64170157278,2482.87246899507
SMR,SM,San Marino,San Marino,Europe,https://www.countryflags.io/SM/flat/64.png,,,,,,,,,,,,
SOM,SO,Somalia,Somalia,Africa,https://www.countryflags.io/SO/flat/64.png,2087.52432835644,1858.82761883253,1724.24198011949,1249.4426964972502,907.9842688698801,874.345861786612,822.4378593368081,756.0362882297619,631.48974113341,541.510331881755,471.864675502595,446.974785258414
SRB,RS,Serbia,Serbia,Europe,https://www.countryflags.io/RS/flat/64.png,,,,,,,,,,1138.9162129132499,1167.78859289878,1179.0071377123
SSD,SS,South Sudan,South Sudan,Africa,https://www.countryflags.io/SS/flat/64.png,,,,,,,,,,,2570.78381319815,2463.31484678703
STP,ST,Sao Tome and Principe,Sao Tome and Principe,Africa,https://www.countryflags.io/ST/flat/64.png,33809.4573427007,32036.6805296339,27972.3868914723,24741.800022698902,21915.494656841598,19772.5252598545,17499.3578217313,16049.2372931268,14784.9735837284,13108.8394467829,11570.8795991593,11137.9625703148
SUR,SR,Suriname,Suriname,South America,https://www.countryflags.io/SR/flat/64.png,325770.414123299,284760.973364782,269089.742788259,276799.968685256,274299.01363183,259817.28808488397,235347.256064946,217984.371181145,205294.09934990198,193669.170020013,182911.620430674,178935.17305200102
SVK,SK,Slovak Republic,Slovak Republic,Europe,https://www.countryflags.io/SK/flat/64.png,,,,,,,,2340.57568130722,2343.35246699221,2344.35091435267,2330.06304669798,2325.30285685602
SVN,SI,Slovenia,Slovenia,Europe,https://www.countryflags.io/SI/flat/64.png,,,,,,,9351.37425632282,9401.01391974445,9360.60124440344,9251.175102397181,9075.62322601219,9054.40401943763
SWE,SE,Sweden,Sweden,Europe,https://www.countryflags.io/SE/flat/64.png,22614.297420065697,21733.795072681798,21053.1499698361,20723.404358459098,20539.8916526721,20362.466187588998,19727.581708817,19330.6354850328,19159.754029094598,18692.4224198882,17963.3660784837,17635.9385361759
SWZ,SZ,Eswatini,Eswatini,Africa,https://www.countryflags.io/SZ/flat/64.png,7539.496681479109,6687.65848357344,5776.31230595201,4959.98196370195,4191.73371058937,3526.4322123553397,3045.00728379583,2740.22083688835,2590.6252729233497,2532.00492590049,2446.05703019027,2410.9126674282998
SXM,SX,Sint Maarten (Dutch part),Sint Maarten (Dutch part),Central America,https://www.countryflags.io/SX/flat/64.png,,,,,,,,,,,,
SYC,SC,Seychelles,Seychelles,Africa,https://www.countryflags.io/SC/flat/64.png,,,,,,,,,,,,
SYR,SY,Syrian Arab Republic,Syria,Asia,https://www.countryflags.io/SY/flat/64.png,1462.8477288735198,1242.35503970763,1048.80178219834,884.792279132859,743.6737420292551,627.7698186720501,540.808481381424,469.973738932356,417.451192393257,358.78402600147905,348.880307981283,381.071008297217
TCA,TC,Turks and Caicos Islands,Turks and Caicos Islands,Central America,https://www.countryflags.io/TC/flat/64.png,,,,,,,,,,,,
TCD,TD,Chad,Chad,Africa,https://www.countryflags.io/TD/flat/64.png,4805.7884761037,4367.03471064756,3931.5800233798,3525.0589389854604,3179.20410532746,2771.18492357164,2359.69712815421,1999.0689669464603,1663.11259505104,1386.5748495289001,1173.2728446000099,1097.81060703145
TGO,TG,Togo,Togo,Africa,https://www.countryflags.io/TG/flat/64.png,7130.65530722273,6197.984092200129,5116.609761067671,4566.28800888798,3944.2725732434296,3312.46098857086,2914.41380367748,2563.55898671207,2212.80188630778,1942.4497737383801,1697.7159225233302,1611.09622209144
THA,TH,Thailand,Thailand,Asia,https://www.countryflags.io/TH/flat/64.png,7719.83352118835,6646.18064129515,5747.773416268879,5055.63404361726,4557.82962041096,4161.57815644905,3883.34258964221,3689.60741295214,3504.02995441468,3392.15757646252,3309.4543060695696,3280.3063411609196
TJK,TJ,Tajikistan,Tajikistan,Asia,https://www.countryflags.io/TJ/flat/64.png,,,,,,,11532.9521486075,10686.3711720571,9874.17352809697,8985.26789860835,8058.581544883159,7689.48069105482
TKM,TM,Turkmenistan,Turkmenistan,Asia,https://www.countryflags.io/TM/flat/64.png,,,,,,,360.270913470106,322.60908779467604,304.771903718109,288.492674031409,266.70969456519697,257.028118327331
TLS,TL,Timor-Leste,Timor-Leste,Asia,https://www.countryflags.io/TL/flat/64.png,16711.7262816562,15243.7610060326,13687.286734911499,13253.9334254037,13396.1039596372,11967.0022477279,10489.0461926614,9531.64413029404,8903.27670928824,7926.537449150509,7250.7003567538795,6995.472315726999
TON,TO,Tonga,Tonga,Oceania,https://www.countryflags.io/TO/flat/64.png,,,,,,,,,,,,
TTO,TT,Trinidad and Tobago,Trinidad and Tobago,Central America,https://www.countryflags.io/TT/flat/64.png,4366.410026369021,4150.29695158527,3966.3848880735795,3695.10744679623,3428.5102051749104,3214.6238597084603,3105.08028330623,3047.98674125768,3006.5462847622102,2934.7679049502003,2855.40709256352,2818.6754867720397
TUN,TN,Tunisia,Tunisia,Africa,https://www.countryflags.io/TN/flat/64.png,974.3394524328411,884.925696828886,792.8051468267571,708.619054335625,622.354714296163,544.753124896114,487.00576895772997,446.50825752893303,424.971465116225,407.094764091738,386.74280690646106,379.185011643556
TUR,TR,Turkey,Turkey,Asia,https://www.countryflags.io/TR/flat/64.png,7872.97062476739,6989.34835626538,6204.345277445071,5521.99960995709,4932.05807548356,4442.18973418171,4071.8257140923997,3759.98582667545,3484.5148696453,3262.34508747166,3040.73448285063,2939.1997273872803
TUV,TV,Tuvalu,Tuvalu,Oceania,https://www.countryflags.io/TV/flat/64.png,,,,,,,,,,,,
TZA,TZ,Tanzania,Tanzania,Africa,https://www.countryflags.io/TZ/flat/64.png,7885.87116626965,6802.61696674711,5821.87555879609,4968.88119842789,4258.9174379447795,3656.7528035104797,3115.58867360377,2692.92421659228,2377.26061919489,2064.82498371369,1785.2406124982,1681.35106646297
UGA,UG,Uganda,Uganda,Africa,https://www.countryflags.io/UG/flat/64.png,5404.809116000511,4561.16718163024,3927.6364209121098,3430.49703064094,2949.63141330228,2497.95775940619,2101.1035965829396,1800.9366533000198,1549.6325245139,1322.6464405312,1128.4993898001198,1056.5627337645
UKR,UA,Ukraine,Ukraine,Europe,https://www.countryflags.io/UA/flat/64.png,,,,,,,1056.562204304,1089.0596839295802,1143.0942378507302,1184.70802107533,1208.5108996278,1217.0892495522698
URY,UY,Uruguay,Uruguay,South America,https://www.countryflags.io/UY/flat/64.png,35408.6705925998,33526.224270804596,32678.1054212693,32272.0880040939,31213.4798899877,30233.661607938902,29228.4204226138,28194.3046281471,27720.652788300802,27673.1530496445,27286.3893004208,27114.1860127266
USA,US,United States,United States,North America,https://www.countryflags.io/US/flat/64.png,15106.841501463501,14181.3277507146,13425.6965354271,12795.1906792167,12164.1687961876,11630.7384982397,10985.755163460899,10335.3297366288,9797.472782573679,9354.94043948773,8978.11874436912,8850.87998146755
UZB,UZ,Uzbekistan,Uzbekistan,Asia,https://www.countryflags.io/UZ/flat/64.png,,,,,,,761.807077253019,690.4128110871679,646.569206449073,608.1584040494271,548.791751330837,531.249085594827
VCT,VC,St. Vincent and the Grenadines,St. Vincent and the Grenadines,Central America,https://www.countryflags.io/VC/flat/64.png,1201.38880545911,1139.25060095469,1080.92916671171,1023.53097716502,977.937724925677,944.23356561479,926.354793886058,926.827007739006,925.095053516749,921.506109585507,922.211463088486,918.6026216918821
VEN,VE,"Venezuela, RB","Venezuela, RB",South America,https://www.countryflags.io/VE/flat/64.png,92076.0074287609,77704.6153163036,66541.6070203131,57646.6737260568,50257.301777241795,44151.3695425754,39158.1094036716,35248.667085885,32071.191830826,29543.8755912904,27415.9692878479,26793.024121643102
VGB,VG,British Virgin Islands,British Virgin Islands,Central America,https://www.countryflags.io/VG/flat/64.png,,,,,,,,,,,,
VIR,VI,Virgin Islands (U.S.),Virgin Islands (U.S.),Central America,https://www.countryflags.io/VI/flat/64.png,,,,,,,,,,,,
VNM,VN,Vietnam,Vietnam,Asia,https://www.countryflags.io/VN/flat/64.png,10362.3037955873,8968.64388414848,7890.493994321959,7066.295496748579,6325.87151552991,5641.897553815129,5070.29275269368,4659.4713400637,4407.95503670003,4207.465708891071,4002.1163333705895,3918.67837392729
VUT,VU,Vanuatu,Vanuatu,Oceania,https://www.countryflags.io/VU/flat/64.png,147505.67896864,127390.157836406,110121.243489081,94161.9585687382,82375.7156390296,73486.7246231968,64445.446929174504,57168.6647114983,51567.6567656766,45563.89881169349,40080.320963210295,37894.8644879646
WSM,WS,Samoa,Samoa,Oceania,https://www.countryflags.io/WS/flat/64.png,,,,,,,,,,,,
XKX,XK,Kosovo,Kosovo,Europe,https://www.countryflags.io/XK/flat/64.png,,,,,,,,,,,,
YEM,YE,"Yemen, Rep.","Yemen, Rep.",Asia,https://www.countryflags.io/YE/flat/64.png,383.65477208988295,355.457817820759,328.608979412491,292.533092806124,245.85543349288602,203.448096466949,162.11014921467302,131.449902439134,113.860072802131,98.67254880356009,85.8082264591873,81.32132436810909
ZAF,ZA,South Africa,South Africa,Africa,https://www.countryflags.io/ZA/flat/64.png,2493.63718970428,2195.33976411074,1924.27397744167,1691.7845695123901,1485.88173548864,1306.20900912763,1158.4427188991901,1042.16436509242,970.728358071703,912.0565921343381,847.9387470247619,821.3252555994451
ZMB,ZM,Zambia,Zambia,Africa,https://www.countryflags.io/ZM/flat/64.png,24596.3228190698,21117.083167341298,17957.2045334553,15167.711007067901,12799.511767251899,10877.7665910694,9489.611537663759,8356.24789465793,7309.7163264975,6414.48207696131,5544.37118085635,5207.87573670824
ZWE,ZW,Zimbabwe,Zimbabwe,Africa,https://www.countryflags.io/ZW/flat/64.png,3035.25375439351,2564.94638822702,2160.7670617322,1826.3542319800601,1540.54143371632,1286.8414790783802,1124.71884322392,1052.0677421785301,1025.5732460899,1000.3327371045599,934.798135070096,902.354298301403
